Range,Style,Total Proj Time (ns),Total Range Time (ns),Range Instances,Proj Avg (ns),Proj Med (ns),Proj Min (ns),Proj Max (ns),Proj StdDev (ns),Total GPU Ops,Avg GPU Ops,Avg Range Lvl,Avg Num Child
:single_request.static_ptq_tail.eager,PushPop,2190855552,2193903328,1,2190855552.0,2190855552.0,2190855552,2190855552,0.0,15854,15854.0,0.0,1024.0
:layer.03.fp.total,PushPop,91934784,48595264,32,2872962.0,2599120.0,2582080,8972288,1120795.2,353,11.0,1.0,4.0
:layer.02.fp.total,PushPop,91318496,48620320,32,2853703.0,2598080.0,2579200,8598560,1056064.5,353,11.0,1.0,4.0
:layer.01.fp.total,PushPop,90431840,56631616,32,2825995.0,2596176.0,2579328,7803328,916704.1,353,11.0,1.0,4.0
:layer.03.fp.mlp,PushPop,72373088,11299264,32,2261659.0,2039648.0,2032224,7273024,919728.8,97,3.0,2.0,0.0
:layer.02.fp.mlp,PushPop,71895808,11364064,32,2246744.0,2041152.0,2031104,6980384,868909.7,97,3.0,2.0,0.0
:layer.01.fp.mlp,PushPop,70773280,11698624,32,2211665.0,2039344.0,2031648,5898336,679136.6,97,3.0,2.0,0.0
:layer.18.ptq.total,PushPop,60465120,61937248,31,1950487.7,2005952.0,878368,2321088,292655.0,465,15.0,1.0,4.0
:layer.15.ptq.total,PushPop,60441120,61925344,31,1949713.5,2020672.0,886720,2081024,285277.0,465,15.0,1.0,4.0
:layer.16.ptq.total,PushPop,60439968,61691008,31,1949676.4,2020832.0,899040,2084096,281305.9,465,15.0,1.0,4.0
:layer.25.ptq.total,PushPop,60369600,61243296,31,1947406.5,2011648.0,892800,2066560,282118.2,465,15.0,1.0,4.0
:layer.13.ptq.total,PushPop,60368384,62046912,31,1947367.2,2012032.0,880576,2098208,286110.8,465,15.0,1.0,4.0
:layer.20.ptq.total,PushPop,60270336,61736928,31,1944204.4,2005280.0,881344,2239648,287609.0,465,15.0,1.0,4.0
:layer.11.ptq.total,PushPop,60198464,62531136,31,1941885.9,2036864.0,893600,2243008,334880.6,465,15.0,1.0,4.0
:layer.14.ptq.total,PushPop,60155904,61984000,31,1940513.0,2017152.0,880288,2074336,284724.7,465,15.0,1.0,4.0
:layer.12.ptq.total,PushPop,60127264,62096832,31,1939589.2,2013440.0,886144,2074368,283274.2,465,15.0,1.0,4.0
:layer.19.ptq.total,PushPop,60040672,61655904,31,1936795.9,2010272.0,873792,2061888,284022.8,465,15.0,1.0,4.0
:layer.23.ptq.total,PushPop,60040544,61350592,31,1936791.7,2003648.0,877504,2090496,283812.3,465,15.0,1.0,4.0
:layer.28.ptq.total,PushPop,59839776,61127776,31,1930315.4,1997920.0,877216,2065984,282550.7,465,15.0,1.0,4.0
:layer.21.ptq.total,PushPop,59836672,61406144,31,1930215.2,1999872.0,872960,2056128,282689.0,465,15.0,1.0,4.0
:layer.22.ptq.total,PushPop,59829312,61413440,31,1929977.8,2002944.0,872704,2040000,282544.4,465,15.0,1.0,4.0
:layer.27.ptq.total,PushPop,59817088,61149952,31,1929583.5,1998912.0,876320,2048576,281429.6,465,15.0,1.0,4.0
:layer.29.ptq.total,PushPop,59769664,61034624,31,1928053.7,1993312.0,882048,2064000,279916.7,465,15.0,1.0,4.0
:layer.24.ptq.total,PushPop,59731936,61299776,31,1926836.6,1996256.0,875648,2042112,280749.0,465,15.0,1.0,4.0
:layer.30.ptq.total,PushPop,59635744,61041824,31,1923733.7,1988384.0,883168,2052672,278856.4,465,15.0,1.0,4.0
:layer.32.ptq.total,PushPop,59567072,60944832,31,1921518.5,1985152.0,885600,2038688,276672.3,465,15.0,1.0,4.0
:layer.17.ptq.total,PushPop,59566048,61675552,31,1921485.4,1992640.0,879776,2026304,278367.5,465,15.0,1.0,4.0
:layer.31.ptq.total,PushPop,59531392,60975168,31,1920367.5,1983520.0,880544,2040320,278202.4,465,15.0,1.0,4.0
:layer.26.ptq.total,PushPop,59360480,61327008,31,1914854.2,1973888.0,873216,2212928,281571.6,465,15.0,1.0,4.0
:layer.10.ptq.total,PushPop,55796128,62355360,31,1799875.1,2017088.0,879136,2106784,391405.8,465,15.0,1.0,4.0
:layer.09.ptq.total,PushPop,53312992,62554880,31,1719773.9,2030016.0,886528,2271552,471725.9,465,15.0,1.0,4.0
:layer.08.ptq.total,PushPop,51706688,62467296,31,1667957.7,1976768.0,877632,2061024,449867.1,465,15.0,1.0,4.0
:layer.07.ptq.total,PushPop,36145344,62575136,31,1165978.8,1181440.0,890400,1615168,151387.1,465,15.0,1.0,4.0
:layer.06.ptq.total,PushPop,31351872,62559712,31,1011350.7,958432.0,899360,1197568,119275.9,465,15.0,1.0,4.0
:layer.04.ptq.total,PushPop,31191584,64719712,31,1006180.1,944032.0,897728,1190688,119451.1,465,15.0,1.0,4.0
:layer.05.ptq.total,PushPop,31188128,63024832,31,1006068.6,951424.0,892864,1190656,120938.6,465,15.0,1.0,4.0
:layer.18.ptq.attention,PushPop,28885504,35286720,31,931790.5,1004800.0,209344,1061664,203422.0,248,8.0,2.0,0.0
:layer.15.ptq.attention,PushPop,28782464,35512352,31,928466.6,1007168.0,207744,1062368,204687.9,248,8.0,2.0,0.0
:layer.19.ptq.attention,PushPop,28747584,35335904,31,927341.4,1007072.0,207328,1034496,203694.1,248,8.0,2.0,0.0
:layer.20.ptq.attention,PushPop,28727712,35177120,31,926700.4,1003808.0,211040,1049152,203100.6,248,8.0,2.0,0.0
:layer.16.ptq.attention,PushPop,28652544,35329600,31,924275.6,1001920.0,208768,1069824,202208.7,248,8.0,2.0,0.0
:layer.23.ptq.attention,PushPop,28647072,35223136,31,924099.1,1000608.0,208640,1067392,202188.7,248,8.0,2.0,0.0
:layer.17.ptq.attention,PushPop,28570784,35382400,31,921638.2,999520.0,210080,1042720,202236.4,248,8.0,2.0,0.0
:layer.21.ptq.attention,PushPop,28560096,35219104,31,921293.4,1002656.0,206016,1046816,202606.9,248,8.0,2.0,0.0
:layer.14.ptq.attention,PushPop,28549344,35538176,31,920946.6,1001152.0,205664,1046016,202025.8,248,8.0,2.0,0.0
:layer.22.ptq.attention,PushPop,28531520,35092480,31,920371.6,1001760.0,207552,1031328,202183.0,248,8.0,2.0,0.0
:layer.13.ptq.attention,PushPop,28474272,35555296,31,918524.9,999616.0,208160,1043008,201738.9,248,8.0,2.0,0.0
:layer.25.ptq.attention,PushPop,28441216,35130816,31,917458.6,987552.0,206496,1044800,200865.1,248,8.0,2.0,0.0
:layer.24.ptq.attention,PushPop,28419392,35043872,31,916754.6,1002304.0,206400,1043232,201728.2,248,8.0,2.0,0.0
:layer.27.ptq.attention,PushPop,28336864,35071136,31,914092.4,994272.0,206464,1026304,200066.3,248,8.0,2.0,0.0
:layer.28.ptq.attention,PushPop,28274304,35072448,31,912074.3,993600.0,205376,1029728,201919.3,248,8.0,2.0,0.0
:layer.12.ptq.attention,PushPop,28232416,35590976,31,910723.1,956512.0,207936,1073664,206097.5,248,8.0,2.0,0.0
:layer.29.ptq.attention,PushPop,28048416,35034272,31,904787.6,986144.0,206016,1054848,201386.1,248,8.0,2.0,0.0
:layer.26.ptq.attention,PushPop,27975552,34910752,31,902437.2,976192.0,207360,1036544,199407.4,248,8.0,2.0,0.0
:layer.31.ptq.attention,PushPop,27868736,34985824,31,898991.5,977952.0,204672,1033056,198901.4,248,8.0,2.0,0.0
:layer.30.ptq.attention,PushPop,27841312,34977440,31,898106.8,977248.0,206528,1046720,200157.4,248,8.0,2.0,0.0
:layer.32.ptq.attention,PushPop,27754368,34943552,31,895302.2,987616.0,207744,1040576,200503.3,248,8.0,2.0,0.0
:layer.11.ptq.attention,PushPop,27557280,35692768,31,888944.5,987328.0,208000,1104416,240568.8,248,8.0,2.0,0.0
:layer.11.ptq.mlp,PushPop,25118400,18759072,31,810271.0,772640.0,670048,960768,94143.6,155,5.0,2.0,0.0
:layer.10.ptq.mlp,PushPop,24803264,18745664,31,800105.3,759776.0,655232,959424,102575.8,155,5.0,2.0,0.0
:layer.32.ptq.mlp,PushPop,24765600,18381888,31,798890.3,763712.0,662464,960672,93719.2,155,5.0,2.0,0.0
:layer.30.ptq.mlp,PushPop,24679904,18436128,31,796125.9,761024.0,661216,961024,92187.3,155,5.0,2.0,0.0
:layer.31.ptq.mlp,PushPop,24643808,18354784,31,794961.5,761216.0,659328,956096,95784.6,155,5.0,2.0,0.0
:layer.12.ptq.mlp,PushPop,24637920,18767136,31,794771.6,764256.0,661280,958464,91814.8,155,5.0,2.0,0.0
:layer.29.ptq.mlp,PushPop,24565120,18394368,31,792423.2,759136.0,660608,958656,92729.4,155,5.0,2.0,0.0
:layer.25.ptq.mlp,PushPop,24559872,18433568,31,792253.9,762496.0,669568,965920,85856.4,155,5.0,2.0,0.0
:layer.09.ptq.mlp,PushPop,24520192,18750560,31,790973.9,766048.0,661472,957184,85233.9,155,5.0,2.0,0.0
:layer.16.ptq.mlp,PushPop,24454880,18625536,31,788867.1,752672.0,674880,963936,80357.7,155,5.0,2.0,0.0
:layer.13.ptq.mlp,PushPop,24441120,18679072,31,788423.2,760224.0,657088,958656,88327.1,155,5.0,2.0,0.0
:layer.28.ptq.mlp,PushPop,24369632,18411456,31,786117.2,753472.0,653792,955808,93502.3,155,5.0,2.0,0.0
:layer.08.ptq.mlp,PushPop,24363136,18789216,31,785907.6,760928.0,654784,952224,81641.3,155,5.0,2.0,0.0
:layer.10.ptq.attention,PushPop,24282816,35800320,31,783316.6,958944.0,207712,1071232,327896.4,248,8.0,2.0,0.0
:layer.27.ptq.mlp,PushPop,24257120,18452704,31,782487.7,753952.0,654528,953824,90868.4,155,5.0,2.0,0.0
:layer.07.ptq.mlp,PushPop,24203648,18795392,31,780762.8,744608.0,664672,894304,72528.9,155,5.0,2.0,0.0
:layer.14.ptq.mlp,PushPop,24170784,18687968,31,779702.7,731872.0,658272,960608,89169.2,155,5.0,2.0,0.0
:layer.15.ptq.mlp,PushPop,24165312,18596416,31,779526.2,740864.0,662656,957088,82547.6,155,5.0,2.0,0.0
:layer.26.ptq.mlp,PushPop,24127168,18546912,31,778295.7,740192.0,650496,954016,90634.2,155,5.0,2.0,0.0
:layer.24.ptq.mlp,PushPop,23990240,18513824,31,773878.7,734784.0,653696,955584,87460.5,155,5.0,2.0,0.0
:layer.23.ptq.mlp,PushPop,23987968,18437248,31,773805.4,731616.0,653248,952736,86862.2,155,5.0,2.0,0.0
:layer.20.ptq.mlp,PushPop,23899232,18574656,31,770943.0,733600.0,654144,960960,86421.0,155,5.0,2.0,0.0
:layer.17.ptq.mlp,PushPop,23882976,18564704,31,770418.6,732512.0,653856,958592,86707.4,155,5.0,2.0,0.0
:layer.22.ptq.mlp,PushPop,23877216,18577696,31,770232.8,728032.0,648768,955840,87410.6,155,5.0,2.0,0.0
:layer.21.ptq.mlp,PushPop,23876800,18517184,31,770219.4,729792.0,651008,959136,87104.3,155,5.0,2.0,0.0
:layer.18.ptq.mlp,PushPop,23865888,18569184,31,769867.4,729152.0,652640,960448,86645.4,155,5.0,2.0,0.0
:layer.19.ptq.mlp,PushPop,23804480,18559488,31,767886.5,728672.0,650496,953696,86665.4,155,5.0,2.0,0.0
:layer.06.ptq.mlp,PushPop,23424128,18886272,31,755617.0,713504.0,670656,895200,89346.7,155,5.0,2.0,0.0
:layer.05.ptq.mlp,PushPop,23313152,18952992,31,752037.2,708704.0,667360,892960,91362.6,155,5.0,2.0,0.0
:layer.04.ptq.mlp,PushPop,23183360,19167680,31,747850.3,701952.0,666784,887744,90019.4,155,5.0,2.0,0.0
:layer.09.ptq.attention,PushPop,22898368,35755616,31,738657.0,982016.0,209088,1052192,363347.3,248,8.0,2.0,0.0
:layer.08.ptq.attention,PushPop,21956096,35802720,31,708261.2,927680.0,207520,1057216,362967.5,248,8.0,2.0,0.0
:layer.03.fp.attention,PushPop,18892896,29006432,32,590403.0,542208.0,532832,1588192,184937.6,192,6.0,2.0,0.0
:layer.01.fp.attention,PushPop,18805312,33558880,32,587666.0,540784.0,533088,1550880,178266.7,192,6.0,2.0,0.0
:layer.02.fp.attention,PushPop,18755648,29229696,32,586114.0,539600.0,531328,1520864,173522.8,192,6.0,2.0,0.0
:layer.04.fp.total,PushPop,8955776,1457312,1,8955776.0,8955776.0,8955776,8955776,0.0,12,12.0,1.0,4.0
:layer.07.ptq.attention,PushPop,8516320,35955264,31,274720.0,269376.0,210368,630208,76140.2,248,8.0,2.0,0.0
:layer.04.ptq.attention,PushPop,7451360,37658976,31,240366.5,225824.0,214464,282400,27321.4,248,8.0,2.0,0.0
:layer.06.ptq.attention,PushPop,7351552,35812224,31,237146.8,226848.0,209376,280832,27915.7,248,8.0,2.0,0.0
:layer.05.ptq.attention,PushPop,7332992,36205248,31,236548.1,225984.0,209760,279008,27589.6,248,8.0,2.0,0.0
:layer.04.fp.mlp,PushPop,7254112,363584,1,7254112.0,7254112.0,7254112,7254112,0.0,4,4.0,2.0,0.0
:layer.05.fp.total,PushPop,4628384,1436480,1,4628384.0,4628384.0,4628384,4628384,0.0,12,12.0,1.0,4.0
:layer.05.fp.mlp,PushPop,3463264,357056,1,3463264.0,3463264.0,3463264,3463264,0.0,4,4.0,2.0,0.0
:layer.06.fp.total,PushPop,3357088,1461888,1,3357088.0,3357088.0,3357088,3357088,0.0,12,12.0,1.0,4.0
:layer.13.fp.total,PushPop,3291552,1456224,1,3291552.0,3291552.0,3291552,3291552,0.0,12,12.0,1.0,4.0
:layer.12.fp.total,PushPop,3286144,1437312,1,3286144.0,3286144.0,3286144,3286144,0.0,12,12.0,1.0,4.0
:layer.10.fp.total,PushPop,3279456,1426816,1,3279456.0,3279456.0,3279456,3279456,0.0,12,12.0,1.0,4.0
:layer.14.fp.total,PushPop,3278496,1443936,1,3278496.0,3278496.0,3278496,3278496,0.0,12,12.0,1.0,4.0
:layer.15.fp.total,PushPop,3276640,1432000,1,3276640.0,3276640.0,3276640,3276640,0.0,12,12.0,1.0,4.0
:layer.09.fp.total,PushPop,3276320,1443712,1,3276320.0,3276320.0,3276320,3276320,0.0,12,12.0,1.0,4.0
:layer.07.fp.total,PushPop,3275968,1455648,1,3275968.0,3275968.0,3275968,3275968,0.0,12,12.0,1.0,4.0
:layer.23.fp.total,PushPop,3275616,1474272,1,3275616.0,3275616.0,3275616,3275616,0.0,12,12.0,1.0,4.0
:layer.29.fp.total,PushPop,3273792,1397760,1,3273792.0,3273792.0,3273792,3273792,0.0,12,12.0,1.0,4.0
:layer.11.fp.total,PushPop,3273280,1462208,1,3273280.0,3273280.0,3273280,3273280,0.0,12,12.0,1.0,4.0
:layer.28.fp.total,PushPop,3272704,1446976,1,3272704.0,3272704.0,3272704,3272704,0.0,12,12.0,1.0,4.0
:layer.24.fp.total,PushPop,3272512,1414208,1,3272512.0,3272512.0,3272512,3272512,0.0,12,12.0,1.0,4.0
:layer.17.fp.total,PushPop,3271264,1440064,1,3271264.0,3271264.0,3271264,3271264,0.0,12,12.0,1.0,4.0
:layer.30.fp.total,PushPop,3271104,1401888,1,3271104.0,3271104.0,3271104,3271104,0.0,12,12.0,1.0,4.0
:layer.08.fp.total,PushPop,3268672,1436864,1,3268672.0,3268672.0,3268672,3268672,0.0,12,12.0,1.0,4.0
:layer.20.fp.total,PushPop,3268320,1426848,1,3268320.0,3268320.0,3268320,3268320,0.0,12,12.0,1.0,4.0
:layer.21.fp.total,PushPop,3267680,1427680,1,3267680.0,3267680.0,3267680,3267680,0.0,12,12.0,1.0,4.0
:layer.16.fp.total,PushPop,3267328,1428320,1,3267328.0,3267328.0,3267328,3267328,0.0,12,12.0,1.0,4.0
:layer.22.fp.total,PushPop,3265760,1428896,1,3265760.0,3265760.0,3265760,3265760,0.0,12,12.0,1.0,4.0
:layer.27.fp.total,PushPop,3263392,1410720,1,3263392.0,3263392.0,3263392,3263392,0.0,12,12.0,1.0,4.0
:layer.32.fp.total,PushPop,3263072,1415008,1,3263072.0,3263072.0,3263072,3263072,0.0,12,12.0,1.0,4.0
:layer.18.fp.total,PushPop,3262752,1428192,1,3262752.0,3262752.0,3262752,3262752,0.0,12,12.0,1.0,4.0
:layer.31.fp.total,PushPop,3261856,1432128,1,3261856.0,3261856.0,3261856,3261856,0.0,12,12.0,1.0,4.0
:layer.26.fp.total,PushPop,3260864,1397472,1,3260864.0,3260864.0,3260864,3260864,0.0,12,12.0,1.0,4.0
:layer.19.fp.total,PushPop,3260352,1411136,1,3260352.0,3260352.0,3260352,3260352,0.0,12,12.0,1.0,4.0
:layer.25.fp.total,PushPop,3256960,1418176,1,3256960.0,3256960.0,3256960,3256960,0.0,12,12.0,1.0,4.0
:layer.13.fp.mlp,PushPop,2612544,369984,1,2612544.0,2612544.0,2612544,2612544,0.0,4,4.0,2.0,0.0
:layer.07.fp.mlp,PushPop,2597344,363424,1,2597344.0,2597344.0,2597344,2597344,0.0,4,4.0,2.0,0.0
:layer.12.fp.mlp,PushPop,2597216,356768,1,2597216.0,2597216.0,2597216,2597216,0.0,4,4.0,2.0,0.0
:layer.23.fp.mlp,PushPop,2597120,370368,1,2597120.0,2597120.0,2597120,2597120,0.0,4,4.0,2.0,0.0
:layer.15.fp.mlp,PushPop,2596928,366080,1,2596928.0,2596928.0,2596928,2596928,0.0,4,4.0,2.0,0.0
:layer.14.fp.mlp,PushPop,2596160,355200,1,2596160.0,2596160.0,2596160,2596160,0.0,4,4.0,2.0,0.0
:layer.06.fp.mlp,PushPop,2595488,374240,1,2595488.0,2595488.0,2595488,2595488,0.0,4,4.0,2.0,0.0
:layer.28.fp.mlp,PushPop,2595488,359968,1,2595488.0,2595488.0,2595488,2595488,0.0,4,4.0,2.0,0.0
:layer.11.fp.mlp,PushPop,2594784,385152,1,2594784.0,2594784.0,2594784,2594784,0.0,4,4.0,2.0,0.0
:layer.09.fp.mlp,PushPop,2594752,352512,1,2594752.0,2594752.0,2594752,2594752,0.0,4,4.0,2.0,0.0
:layer.10.fp.mlp,PushPop,2594528,361984,1,2594528.0,2594528.0,2594528,2594528,0.0,4,4.0,2.0,0.0
:layer.24.fp.mlp,PushPop,2593856,353568,1,2593856.0,2593856.0,2593856,2593856,0.0,4,4.0,2.0,0.0
:layer.29.fp.mlp,PushPop,2593632,348928,1,2593632.0,2593632.0,2593632,2593632,0.0,4,4.0,2.0,0.0
:layer.17.fp.mlp,PushPop,2592896,362880,1,2592896.0,2592896.0,2592896,2592896,0.0,4,4.0,2.0,0.0
:layer.08.fp.mlp,PushPop,2590496,367520,1,2590496.0,2590496.0,2590496,2590496,0.0,4,4.0,2.0,0.0
:layer.30.fp.mlp,PushPop,2590336,356576,1,2590336.0,2590336.0,2590336,2590336,0.0,4,4.0,2.0,0.0
:layer.16.fp.mlp,PushPop,2589824,365952,1,2589824.0,2589824.0,2589824,2589824,0.0,4,4.0,2.0,0.0
:layer.21.fp.mlp,PushPop,2589792,359520,1,2589792.0,2589792.0,2589792,2589792,0.0,4,4.0,2.0,0.0
:layer.32.fp.mlp,PushPop,2589760,359392,1,2589760.0,2589760.0,2589760,2589760,0.0,4,4.0,2.0,0.0
:layer.20.fp.mlp,PushPop,2589600,360736,1,2589600.0,2589600.0,2589600,2589600,0.0,4,4.0,2.0,0.0
:layer.31.fp.mlp,PushPop,2586688,358848,1,2586688.0,2586688.0,2586688,2586688,0.0,4,4.0,2.0,0.0
:layer.22.fp.mlp,PushPop,2585856,374752,1,2585856.0,2585856.0,2585856,2585856,0.0,4,4.0,2.0,0.0
:layer.18.fp.mlp,PushPop,2585088,364832,1,2585088.0,2585088.0,2585088,2585088,0.0,4,4.0,2.0,0.0
:layer.27.fp.mlp,PushPop,2583296,366112,1,2583296.0,2583296.0,2583296,2583296,0.0,4,4.0,2.0,0.0
:layer.26.fp.mlp,PushPop,2582880,357344,1,2582880.0,2582880.0,2582880,2582880,0.0,4,4.0,2.0,0.0
:layer.19.fp.mlp,PushPop,2581184,354848,1,2581184.0,2581184.0,2581184,2581184,0.0,4,4.0,2.0,0.0
:layer.25.fp.mlp,PushPop,2576032,361248,1,2576032.0,2576032.0,2576032,2576032,0.0,4,4.0,2.0,0.0
:layer.04.fp.attention,PushPop,1592256,850336,1,1592256.0,1592256.0,1592256,1592256,0.0,6,6.0,2.0,0.0
:layer.05.fp.attention,PushPop,1089344,831072,1,1089344.0,1089344.0,1089344,1089344,0.0,6,6.0,2.0,0.0
:layer.06.fp.attention,PushPop,709088,839008,1,709088.0,709088.0,709088,709088,0.0,6,6.0,2.0,0.0
:layer.12.fp.attention,PushPop,642560,834048,1,642560.0,642560.0,642560,642560,0.0,6,6.0,2.0,0.0
:layer.10.fp.attention,PushPop,638592,823232,1,638592.0,638592.0,638592,638592,0.0,6,6.0,2.0,0.0
:layer.14.fp.attention,PushPop,636288,823296,1,636288.0,636288.0,636288,636288,0.0,6,6.0,2.0,0.0
:layer.09.fp.attention,PushPop,635680,844896,1,635680.0,635680.0,635680,635680,0.0,6,6.0,2.0,0.0
:layer.30.fp.attention,PushPop,635136,799104,1,635136.0,635136.0,635136,635136,0.0,6,6.0,2.0,0.0
:layer.29.fp.attention,PushPop,634336,806912,1,634336.0,634336.0,634336,634336,0.0,6,6.0,2.0,0.0
:layer.27.fp.attention,PushPop,633984,805344,1,633984.0,633984.0,633984,633984,0.0,6,6.0,2.0,0.0
:layer.22.fp.attention,PushPop,633728,808960,1,633728.0,633728.0,633728,633728,0.0,6,6.0,2.0,0.0
:layer.25.fp.attention,PushPop,633504,799584,1,633504.0,633504.0,633504,633504,0.0,6,6.0,2.0,0.0
:layer.15.fp.attention,PushPop,633280,816800,1,633280.0,633280.0,633280,633280,0.0,6,6.0,2.0,0.0
:layer.19.fp.attention,PushPop,633152,811904,1,633152.0,633152.0,633152,633152,0.0,6,6.0,2.0,0.0
:layer.07.fp.attention,PushPop,633024,845664,1,633024.0,633024.0,633024,633024,0.0,6,6.0,2.0,0.0
:layer.20.fp.attention,PushPop,632928,824864,1,632928.0,632928.0,632928,632928,0.0,6,6.0,2.0,0.0
:layer.23.fp.attention,PushPop,632800,851584,1,632800.0,632800.0,632800,632800,0.0,6,6.0,2.0,0.0
:layer.13.fp.attention,PushPop,632768,837024,1,632768.0,632768.0,632768,632768,0.0,6,6.0,2.0,0.0
:layer.11.fp.attention,PushPop,632576,829344,1,632576.0,632576.0,632576,632576,0.0,6,6.0,2.0,0.0
:layer.24.fp.attention,PushPop,632288,818432,1,632288.0,632288.0,632288,632288,0.0,6,6.0,2.0,0.0
:layer.21.fp.attention,PushPop,632032,823872,1,632032.0,632032.0,632032,632032,0.0,6,6.0,2.0,0.0
:layer.17.fp.attention,PushPop,632000,830368,1,632000.0,632000.0,632000,632000,0.0,6,6.0,2.0,0.0
:layer.26.fp.attention,PushPop,631872,799040,1,631872.0,631872.0,631872,631872,0.0,6,6.0,2.0,0.0
:layer.08.fp.attention,PushPop,631616,819200,1,631616.0,631616.0,631616,631616,0.0,6,6.0,2.0,0.0
:layer.18.fp.attention,PushPop,631296,818720,1,631296.0,631296.0,631296,631296,0.0,6,6.0,2.0,0.0
:layer.16.fp.attention,PushPop,631232,816608,1,631232.0,631232.0,631232,631232,0.0,6,6.0,2.0,0.0
:layer.28.fp.attention,PushPop,630272,843392,1,630272.0,630272.0,630272,630272,0.0,6,6.0,2.0,0.0
:layer.31.fp.attention,PushPop,629312,828192,1,629312.0,629312.0,629312,629312,0.0,6,6.0,2.0,0.0
:layer.32.fp.attention,PushPop,627680,807168,1,627680.0,627680.0,627680,627680,0.0,6,6.0,2.0,0.0
:layer.03.fp.input_norm,PushPop,271104,3034720,32,8472.0,6720.0,6048,54528,8445.1,32,1.0,2.0,0.0
:layer.04.fp.input_norm,PushPop,270208,2702880,32,8444.0,6736.0,6080,53536,8273.8,32,1.0,2.0,0.0
:layer.06.fp.input_norm,PushPop,263360,2693152,32,8230.0,7264.0,6560,28928,3882.3,32,1.0,2.0,0.0
:layer.02.fp.input_norm,PushPop,259872,2744384,32,8121.0,6688.0,6048,45312,6837.1,32,1.0,2.0,0.0
:layer.02.fp.post_attn_norm,PushPop,258368,2835232,32,8074.0,6544.0,6048,44128,6635.1,32,1.0,2.0,0.0
:layer.01.fp.post_attn_norm,PushPop,250752,3011168,32,7836.0,6432.0,6016,40512,6014.9,32,1.0,2.0,0.0
:layer.12.fp.input_norm,PushPop,248256,2695680,32,7758.0,7184.0,6048,23104,2941.9,32,1.0,2.0,0.0
:layer.03.fp.post_attn_norm,PushPop,246848,2831744,32,7714.0,6160.0,5536,48352,7460.6,32,1.0,2.0,0.0
:layer.04.fp.post_attn_norm,PushPop,245856,2787584,32,7683.0,6272.0,5440,47712,7350.0,32,1.0,2.0,0.0
:layer.05.fp.input_norm,PushPop,244992,2689440,32,7656.0,6352.0,5568,43488,6589.3,32,1.0,2.0,0.0
:layer.19.fp.input_norm,PushPop,243872,2684192,32,7621.0,6752.0,6080,22880,2906.2,32,1.0,2.0,0.0
:layer.09.fp.input_norm,PushPop,241632,2694176,32,7551.0,6928.0,5952,22880,2922.7,32,1.0,2.0,0.0
:layer.22.fp.input_norm,PushPop,233088,2675104,32,7284.0,6432.0,5888,23232,3031.6,32,1.0,2.0,0.0
:layer.05.fp.post_attn_norm,PushPop,226336,2817152,32,7073.0,6320.0,5536,27520,3816.2,32,1.0,2.0,0.0
:layer.07.fp.input_norm,PushPop,224160,2679232,32,7005.0,6400.0,5600,22656,2958.4,32,1.0,2.0,0.0
:layer.15.fp.post_attn_norm,PushPop,223552,2748224,32,6986.0,6448.0,5408,19424,2398.8,32,1.0,2.0,0.0
:layer.28.fp.post_attn_norm,PushPop,223552,2717056,32,6986.0,6512.0,5376,19680,2464.0,32,1.0,2.0,0.0
:layer.10.fp.input_norm,PushPop,223360,2723392,32,6980.0,6384.0,5472,23136,3075.2,32,1.0,2.0,0.0
:layer.08.fp.input_norm,PushPop,222464,2672768,32,6952.0,6368.0,5536,23072,3059.8,32,1.0,2.0,0.0
:layer.11.fp.input_norm,PushPop,221632,2709856,32,6926.0,6400.0,5472,22336,2942.2,32,1.0,2.0,0.0
:layer.31.fp.input_norm,PushPop,220992,2669504,32,6906.0,6160.0,5504,22592,2986.2,32,1.0,2.0,0.0
:layer.30.fp.input_norm,PushPop,220224,2684896,32,6882.0,6288.0,5504,22880,3040.4,32,1.0,2.0,0.0
:layer.13.fp.input_norm,PushPop,219840,2704352,32,6870.0,6336.0,5472,22368,2942.1,32,1.0,2.0,0.0
:layer.06.fp.post_attn_norm,PushPop,219424,2788896,32,6857.0,6352.0,5472,19296,2383.4,32,1.0,2.0,0.0
:layer.28.fp.input_norm,PushPop,219232,2664192,32,6851.0,6080.0,5504,23360,3129.9,32,1.0,2.0,0.0
:layer.14.fp.input_norm,PushPop,219104,2684416,32,6847.0,6096.0,5504,22720,3003.1,32,1.0,2.0,0.0
:layer.29.fp.input_norm,PushPop,218720,2655904,32,6835.0,6064.0,5472,22528,2983.1,32,1.0,2.0,0.0
:layer.26.fp.input_norm,PushPop,218688,2660032,32,6834.0,6160.0,5440,22784,3017.6,32,1.0,2.0,0.0
:layer.32.fp.input_norm,PushPop,218688,2659520,32,6834.0,6288.0,5408,22624,2999.1,32,1.0,2.0,0.0
:layer.27.fp.input_norm,PushPop,216864,2638592,32,6777.0,6048.0,5472,22528,2986.3,32,1.0,2.0,0.0
:layer.24.fp.input_norm,PushPop,216064,2665568,32,6752.0,5984.0,5472,23392,3138.6,32,1.0,2.0,0.0
:layer.16.fp.input_norm,PushPop,215968,2684256,32,6749.0,5792.0,5504,23168,3089.6,32,1.0,2.0,0.0
:layer.25.fp.input_norm,PushPop,215616,2666464,32,6738.0,5840.0,5472,23392,3138.7,32,1.0,2.0,0.0
:layer.17.fp.input_norm,PushPop,215584,2673184,32,6737.0,5808.0,5472,22624,3010.0,32,1.0,2.0,0.0
:layer.23.fp.input_norm,PushPop,215328,2669536,32,6729.0,5808.0,5504,23040,3080.5,32,1.0,2.0,0.0
:layer.15.fp.input_norm,PushPop,215040,2709984,32,6720.0,5792.0,5472,22880,3046.9,32,1.0,2.0,0.0
:layer.21.fp.input_norm,PushPop,214272,2656352,32,6696.0,5792.0,5472,22656,3019.1,32,1.0,2.0,0.0
:layer.20.fp.input_norm,PushPop,213312,2958080,32,6666.0,5840.0,5472,22656,3016.6,32,1.0,2.0,0.0
:layer.18.fp.input_norm,PushPop,212704,2707648,32,6647.0,5792.0,5472,22848,3048.8,32,1.0,2.0,0.0
:layer.25.fp.post_attn_norm,PushPop,211520,2720512,32,6610.0,6032.0,5440,19712,2505.4,32,1.0,2.0,0.0
:layer.07.fp.post_attn_norm,PushPop,209728,2796384,32,6554.0,6048.0,4896,18848,2482.8,32,1.0,2.0,0.0
:layer.09.fp.post_attn_norm,PushPop,205888,3023200,32,6434.0,5792.0,4928,18944,2491.6,32,1.0,2.0,0.0
:layer.08.fp.post_attn_norm,PushPop,205696,2825824,32,6428.0,5792.0,4960,19136,2527.8,32,1.0,2.0,0.0
:layer.10.fp.post_attn_norm,PushPop,203360,2743584,32,6355.0,5776.0,4960,19296,2517.5,32,1.0,2.0,0.0
:layer.11.fp.post_attn_norm,PushPop,200640,2758208,32,6270.0,5808.0,4928,19488,2525.3,32,1.0,2.0,0.0
:layer.12.fp.post_attn_norm,PushPop,198016,2734624,32,6188.0,5632.0,4928,19008,2458.6,32,1.0,2.0,0.0
:layer.13.fp.post_attn_norm,PushPop,197152,2738496,32,6161.0,5648.0,4928,19776,2579.9,32,1.0,2.0,0.0
:layer.29.fp.post_attn_norm,PushPop,197088,2699936,32,6159.0,5584.0,4928,19072,2476.4,32,1.0,2.0,0.0
:layer.32.fp.post_attn_norm,PushPop,196992,2721088,32,6156.0,5568.0,4928,18976,2464.4,32,1.0,2.0,0.0
:layer.31.fp.post_attn_norm,PushPop,196448,2716320,32,6139.0,5552.0,4896,18976,2465.6,32,1.0,2.0,0.0
:layer.30.fp.post_attn_norm,PushPop,195520,2699296,32,6110.0,5520.0,4896,18688,2422.8,32,1.0,2.0,0.0
:layer.14.fp.post_attn_norm,PushPop,194656,2771936,32,6083.0,5488.0,4896,19296,2521.1,32,1.0,2.0,0.0
:layer.27.fp.post_attn_norm,PushPop,194656,2710144,32,6083.0,5472.0,4896,19296,2523.7,32,1.0,2.0,0.0
:layer.26.fp.post_attn_norm,PushPop,194560,2945088,32,6080.0,5520.0,4896,19232,2503.2,32,1.0,2.0,0.0
:layer.24.fp.post_attn_norm,PushPop,193152,2720128,32,6036.0,5488.0,4928,18944,2466.6,32,1.0,2.0,0.0
:layer.17.fp.post_attn_norm,PushPop,193088,2739104,32,6034.0,5376.0,4928,19488,2553.7,32,1.0,2.0,0.0
:layer.16.fp.post_attn_norm,PushPop,192960,2721792,32,6030.0,5360.0,4928,19040,2478.7,32,1.0,2.0,0.0
:layer.22.fp.post_attn_norm,PushPop,192832,2738272,32,6026.0,5504.0,4960,18848,2443.0,32,1.0,2.0,0.0
:layer.21.fp.post_attn_norm,PushPop,192160,2715008,32,6005.0,5392.0,4928,19104,2492.7,32,1.0,2.0,0.0
:layer.23.fp.post_attn_norm,PushPop,192096,2726336,32,6003.0,5472.0,4896,18784,2443.2,32,1.0,2.0,0.0
:layer.20.fp.post_attn_norm,PushPop,191968,2724704,32,5999.0,5280.0,4928,19072,2491.7,32,1.0,2.0,0.0
:layer.18.fp.post_attn_norm,PushPop,191808,2739424,32,5994.0,5200.0,4928,19328,2539.6,32,1.0,2.0,0.0
:layer.19.fp.post_attn_norm,PushPop,191424,2720384,32,5982.0,5280.0,4928,19008,2480.4,32,1.0,2.0,0.0
:layer.01.fp.input_norm,PushPop,167616,5326656,32,5238.0,4464.0,4064,19392,2662.9,32,1.0,2.0,0.0
