Time (%),Total Time (ns),Instances,Avg (ns),Med (ns),Min (ns),Max (ns),StdDev (ns),Name
56.7,799929344,3596,222449.8,168768.0,65536,596192,162605.7,"void at::native::tinygemm_m16n8k16_chunk_kernel<at::native::ALayout_RM<(at::native::KReductionType)0>, at::native::BLayout_TC_int4<(int)8, (int)64>, at::native::ALayout_RM<(at::native::KReductionType)0>, (int)8, (int)8>(const void *, const void *, const void *, void *, int, int, int, int, int, int)"
30.6,432571648,404,1070721.9,704128.0,200160,6450240,1502177.1,ampere_bf16_s16816gemm_bf16_64x64_sliced1x2_ldg8_f2f_stages_64x5_tn
8.6,120938048,128,944828.5,975088.0,243584,3594656,794475.9,ampere_bf16_s16816gemm_bf16_128x128_ldg8_f2f_stages_32x5_tn
1.0,13924384,2048,6799.0,6080.0,4896,54528,3673.4,"std::enable_if<T2>(int)0&&vllm::_typeConvert<T1>::exists, void>::type vllm::fused_add_rms_norm_kernel<c10::BFloat16, (int)8, (bool)1>(T1 *, long, T1 *, const T1 *, float, int, int)"
0.9,12325280,992,12424.7,11840.0,10464,17056,1688.6,"void flash::flash_fwd_splitkv_kernel<Flash_fwd_kernel_traits<(int)128, (int)64, (int)128, (int)4, (bool)0, (bool)0, cutlass::bfloat16_t, Flash_kernel_traits<(int)128, (int)64, (int)128, (int)4, cutlass::bfloat16_t>>, (bool)0, (bool)0, (bool)0, (bool)0, (bool)1, (bool)0, (bool)0, (bool)0>(flash::Flash_fwd_params)"
0.7,10346048,1024,10103.6,8384.0,7456,104224,8021.1,"void vllm::act_and_mul_kernel<c10::BFloat16, __nv_bfloat162, &vllm::silu_kernel<c10::BFloat16>, &vllm::packed_silu_kernel<__nv_bfloat162>, (bool)1, (bool)1, (bool)0, (bool)0>(T1 *, const T1 *, int, float, float, float)"
0.6,9112384,1024,8898.8,8128.0,6464,46720,3227.0,"void vllm::rotary_embedding_kernel<c10::BFloat16, c10::BFloat16, (bool)1>(const long *, T1 *, T1 *, const T2 *, int, long, long, long, int, int, int, long, bool)"
0.5,6619072,1024,6463.9,6000.0,5056,24576,1545.7,"void vllm::reshape_and_cache_flash_kernel<__nv_bfloat16, __nv_bfloat16, (vllm::Fp8KVCacheDataType)0>(const T1 *, const T1 *, T2 *, T2 *, const long *, long, long, long, long, long, int, int, int, const float *, const float *, int)"
0.1,1566176,32,48943.0,44816.0,40256,64128,9125.2,"void at::native::reduce_kernel<(int)512, (int)1, at::native::ReduceOp<float, at::native::ArgMaxOps<float>, unsigned int, long, (int)4, (int)4>>(T3)"
0.1,1031168,32,32224.0,25792.0,25152,72160,14879.4,"void flash::flash_fwd_splitkv_kernel<Flash_fwd_kernel_traits<(int)128, (int)64, (int)128, (int)4, (bool)0, (bool)0, cutlass::bfloat16_t, Flash_kernel_traits<(int)128, (int)64, (int)128, (int)4, cutlass::bfloat16_t>>, (bool)1, (bool)0, (bool)0, (bool)0, (bool)1, (bool)0, (bool)0, (bool)0>(flash::Flash_fwd_params)"
0.0,633856,160,3961.6,3856.0,2400,7584,1174.7,"void at::native::unrolled_elementwise_kernel<at::native::direct_copy_kernel_cuda(at::TensorIteratorBase &)::[lambda() (instance 3)]::operator ()() const::[lambda() (instance 4)]::operator ()() const::[lambda(long) (instance 1)], std::array<char *, (unsigned long)2>, (int)4, TrivialOffsetCalculator<(int)1, unsigned int>, TrivialOffsetCalculator<(int)1, unsigned int>, at::native::memory::LoadWithCast<(int)1>, at::native::memory::StoreWithCast<(int)1>>(int, T1, T2, T4, T5, T6, T7)"
0.0,500864,32,15652.0,15040.0,13440,18784,1830.8,"void at::native::unrolled_elementwise_kernel<at::native::direct_copy_kernel_cuda(at::TensorIteratorBase &)::[lambda() (instance 3)]::operator ()() const::[lambda() (instance 7)]::operator ()() const::[lambda(float) (instance 1)], std::array<char *, (unsigned long)2>, (int)4, TrivialOffsetCalculator<(int)1, unsigned int>, TrivialOffsetCalculator<(int)1, unsigned int>, at::native::memory::LoadWithCast<(int)1>, at::native::memory::StoreWithCast<(int)1>>(int, T1, T2, T4, T5, T6, T7)"
0.0,302784,32,9462.0,9104.0,7776,11392,1158.5,"void at::native::index_elementwise_kernel<(int)128, (int)4, void at::native::gpu_index_kernel<void at::native::index_put_kernel_impl<at::native::OpaqueType<(int)4>>(at::TensorIterator &, c10::ArrayRef<long>, c10::ArrayRef<long>)::[lambda(char *, const char *, long) (instance 1)]>(at::TensorIteratorBase &, c10::ArrayRef<long>, c10::ArrayRef<long>, const T1 &, bool)::[lambda(int) (instance 1)]>(long, T3)"
0.0,301344,32,9417.0,8816.0,7904,12160,1495.1,"void at::native::index_elementwise_kernel<(int)128, (int)4, void at::native::gpu_index_kernel<void at::native::index_kernel_impl<at::native::OpaqueType<(int)2>>(at::TensorIteratorBase &, c10::ArrayRef<long>, c10::ArrayRef<long>)::[lambda(char *, const char *, long) (instance 1)]>(at::TensorIteratorBase &, c10::ArrayRef<long>, c10::ArrayRef<long>, const T1 &, bool)::[lambda(int) (instance 1)]>(long, T3)"
0.0,228608,32,7144.0,6560.0,5888,11872,1242.8,"void at::native::index_elementwise_kernel<(int)128, (int)4, void at::native::gpu_index_kernel<void at::native::index_kernel_impl<at::native::OpaqueType<(int)4>>(at::TensorIteratorBase &, c10::ArrayRef<long>, c10::ArrayRef<long>)::[lambda(char *, const char *, long) (instance 1)]>(at::TensorIteratorBase &, c10::ArrayRef<long>, c10::ArrayRef<long>, const T1 &, bool)::[lambda(int) (instance 1)]>(long, T3)"
0.0,193696,31,6248.3,5952.0,5440,7680,754.2,"void at::native::<unnamed>::indexSelectSmallIndex<c10::BFloat16, long, unsigned int, (int)2, (int)2, (int)-2>(at::cuda::detail::TensorInfo<T1, T3>, at::cuda::detail::TensorInfo<const T1, T3>, at::cuda::detail::TensorInfo<const T2, T3>, int, int, T3, long)"
0.0,186304,32,5822.0,5232.0,4544,10304,1110.1,_compute_slot_mapping_kernel
0.0,167616,32,5238.0,4464.0,4064,19392,2662.9,"void vllm::rms_norm_kernel<c10::BFloat16, (int)8, (int)2, (bool)1>(T1 *, const T1 *, long, long, long, long, long, const T1 *, float, int, int)"
0.0,111968,32,3499.0,3392.0,2944,4416,522.5,"void at::native::unrolled_elementwise_kernel<at::native::direct_copy_kernel_cuda(at::TensorIteratorBase &)::[lambda() (instance 3)]::operator ()() const::[lambda() (instance 3)]::operator ()() const::[lambda(int) (instance 1)], std::array<char *, (unsigned long)2>, (int)4, TrivialOffsetCalculator<(int)1, unsigned int>, TrivialOffsetCalculator<(int)1, unsigned int>, at::native::memory::LoadWithCast<(int)1>, at::native::memory::StoreWithCast<(int)1>>(int, T1, T2, T4, T5, T6, T7)"
0.0,94752,32,2961.0,2688.0,2304,5376,610.4,"void at::native::vectorized_elementwise_kernel<(int)2, at::native::CUDAFunctor_add<long>, std::array<char *, (unsigned long)3>>(int, T2, T3)"
0.0,87936,32,2748.0,2656.0,2144,4896,635.3,"void at::native::vectorized_elementwise_kernel<(int)4, at::native::CUDAFunctor_add<int>, std::array<char *, (unsigned long)3>>(int, T2, T3)"
0.0,86272,32,2696.0,2528.0,2208,6400,755.9,"void at::native::vectorized_elementwise_kernel<(int)4, at::native::FillFunctor<int>, std::array<char *, (unsigned long)1>>(int, T2, T3)"
0.0,67552,32,2111.0,1872.0,1600,4064,582.9,"void at::native::unrolled_elementwise_kernel<at::native::CUDAFunctorOnSelf_add<int>, std::array<char *, (unsigned long)2>, (int)4, TrivialOffsetCalculator<(int)1, unsigned int>, TrivialOffsetCalculator<(int)1, unsigned int>, at::native::memory::LoadWithoutCast, at::native::memory::StoreWithoutCast>(int, T1, T2, T4, T5, T6, T7)"
0.0,14272,1,14272.0,14272.0,14272,14272,0.0,"void at::native::vectorized_gather_kernel<(int)16, long>(char *, char *, T2 *, int, long, long, long, long, bool)"
