phase,layer,path,component,kernel_category,total_kernel_time_ms,range_instances,per_iteration_kernel_ms,kernel_instances
decode,1,fp,attention,attention,0.427616,31.0,0.013794064516129032,31.0
decode,1,fp,attention,bf16_gemm,15.989152,31.0,0.5157790967741935,62.0
decode,1,fp,attention,kv_cache,0.226455,31.0,0.007305,31.0
decode,1,fp,attention,rope,0.333963,31.0,0.010773,31.0
decode,1,fp,input_norm,normalization,0.162378,31.0,0.005238,31.0
decode,1,fp,mlp,activation,0.353648,31.0,0.011408,31.0
decode,1,fp,mlp,bf16_gemm,64.50176,31.0,2.080701935483871,62.0
decode,1,fp,post_attn_norm,normalization,0.242916,31.0,0.007836,31.0
decode,1,fp,total,activation,0.353648,31.0,0.011408,31.0
decode,1,fp,total,attention,0.427616,31.0,0.013794064516129032,31.0
decode,1,fp,total,bf16_gemm,80.490912,31.0,2.5964810322580645,124.0
decode,1,fp,total,kv_cache,0.226455,31.0,0.007305,31.0
decode,1,fp,total,normalization,0.405294,31.0,0.013074,62.0
decode,1,fp,total,rope,0.333963,31.0,0.010773,31.0
decode,2,fp,attention,attention,0.391776,31.0,0.012637935483870967,31.0
decode,2,fp,attention,bf16_gemm,16.02464,31.0,0.516923870967742,62.0
decode,2,fp,attention,kv_cache,0.213311,31.0,0.006881,31.0
decode,2,fp,attention,rope,0.332785,31.0,0.010735,31.0
decode,2,fp,input_norm,normalization,0.251751,31.0,0.008121,31.0
decode,2,fp,mlp,activation,0.358329,31.0,0.011559,31.0
decode,2,fp,mlp,bf16_gemm,64.545248,31.0,2.0821047741935486,62.0
decode,2,fp,post_attn_norm,normalization,0.250294,31.0,0.008074,31.0
decode,2,fp,total,activation,0.358329,31.0,0.011559,31.0
decode,2,fp,total,attention,0.391776,31.0,0.012637935483870967,31.0
decode,2,fp,total,bf16_gemm,80.569888,31.0,2.5990286451612903,124.0
decode,2,fp,total,kv_cache,0.213311,31.0,0.006881,31.0
decode,2,fp,total,normalization,0.502045,31.0,0.016195,62.0
decode,2,fp,total,rope,0.332785,31.0,0.010735,31.0
decode,3,fp,attention,attention,0.416352,31.0,0.013430709677419354,31.0
decode,3,fp,attention,bf16_gemm,16.0552,31.0,0.5179096774193549,62.0
decode,3,fp,attention,kv_cache,0.215915,31.0,0.006965,31.0
decode,3,fp,attention,rope,0.352842,31.0,0.011382,31.0
decode,3,fp,input_norm,normalization,0.262632,31.0,0.008472,31.0
decode,3,fp,mlp,activation,0.376836,31.0,0.012156,31.0
decode,3,fp,mlp,bf16_gemm,64.719968,31.0,2.0877409032258067,62.0
decode,3,fp,post_attn_norm,normalization,0.239134,31.0,0.007714,31.0
decode,3,fp,total,activation,0.376836,31.0,0.012156,31.0
decode,3,fp,total,attention,0.416352,31.0,0.013430709677419354,31.0
decode,3,fp,total,bf16_gemm,80.775168,31.0,2.605650580645161,124.0
decode,3,fp,total,kv_cache,0.215915,31.0,0.006965,31.0
decode,3,fp,total,normalization,0.501766,31.0,0.016186,62.0
decode,3,fp,total,rope,0.352842,31.0,0.011382,31.0
decode,4,fp,input_norm,normalization,0.261764,31.0,0.008444,31.0
decode,4,fp,post_attn_norm,normalization,0.238173,31.0,0.007683,31.0
decode,4,ptq,attention,attention,0.424096,31.0,0.013680516129032257,31.0
decode,4,ptq,attention,int4_weight_only_gemm,5.91136,31.0,0.19068903225806452,62.0
decode,4,ptq,attention,kv_cache,0.1992,31.0,0.006425806451612903,31.0
decode,4,ptq,attention,rope,0.316288,31.0,0.010202838709677418,31.0
decode,4,ptq,mlp,activation,0.2768,31.0,0.008929032258064518,31.0
decode,4,ptq,mlp,int4_weight_only_gemm,22.490016,31.0,0.7254843870967742,62.0
decode,4,ptq,total,activation,0.2768,31.0,0.008929032258064518,31.0
decode,4,ptq,total,attention,0.424096,31.0,0.013680516129032257,31.0
decode,4,ptq,total,int4_weight_only_gemm,28.401376,31.0,0.9161734193548386,124.0
decode,4,ptq,total,kv_cache,0.1992,31.0,0.006425806451612903,31.0
decode,4,ptq,total,normalization,0.414816,31.0,0.013381161290322581,62.0
decode,4,ptq,total,rope,0.316288,31.0,0.010202838709677418,31.0
decode,5,fp,input_norm,normalization,0.237336,31.0,0.007656,31.0
decode,5,fp,post_attn_norm,normalization,0.219263,31.0,0.007073,31.0
decode,5,ptq,attention,attention,0.400672,31.0,0.012924903225806451,31.0
decode,5,ptq,attention,int4_weight_only_gemm,5.85408,31.0,0.18884129032258062,62.0
decode,5,ptq,attention,kv_cache,0.201056,31.0,0.006485677419354839,31.0
decode,5,ptq,attention,rope,0.272384,31.0,0.00878658064516129,31.0
decode,5,ptq,mlp,activation,0.278848,31.0,0.008995096774193549,31.0
decode,5,ptq,mlp,int4_weight_only_gemm,22.620672,31.0,0.7296990967741935,62.0
decode,5,ptq,total,activation,0.278848,31.0,0.008995096774193549,31.0
decode,5,ptq,total,attention,0.400672,31.0,0.012924903225806451,31.0
decode,5,ptq,total,int4_weight_only_gemm,28.474752,31.0,0.9185403870967742,124.0
decode,5,ptq,total,kv_cache,0.201056,31.0,0.006485677419354839,31.0
decode,5,ptq,total,normalization,0.40032,31.0,0.012913548387096775,62.0
decode,5,ptq,total,rope,0.272384,31.0,0.00878658064516129,31.0
decode,6,fp,input_norm,normalization,0.25513,31.0,0.00823,31.0
decode,6,fp,post_attn_norm,normalization,0.212567,31.0,0.006857,31.0
decode,6,ptq,attention,attention,0.401888,31.0,0.012964129032258064,31.0
decode,6,ptq,attention,int4_weight_only_gemm,5.865344,31.0,0.18920464516129032,62.0
decode,6,ptq,attention,kv_cache,0.200512,31.0,0.006468129032258065,31.0
decode,6,ptq,attention,rope,0.28304,31.0,0.00913032258064516,31.0
decode,6,ptq,mlp,activation,0.27968,31.0,0.009021935483870968,31.0
decode,6,ptq,mlp,int4_weight_only_gemm,22.733152,31.0,0.7333274838709678,62.0
decode,6,ptq,total,activation,0.27968,31.0,0.009021935483870968,31.0
decode,6,ptq,total,attention,0.401888,31.0,0.012964129032258064,31.0
decode,6,ptq,total,int4_weight_only_gemm,28.598496,31.0,0.922532129032258,124.0
decode,6,ptq,total,kv_cache,0.200512,31.0,0.006468129032258065,31.0
decode,6,ptq,total,normalization,0.43456,31.0,0.014018064516129032,62.0
decode,6,ptq,total,rope,0.28304,31.0,0.00913032258064516,31.0
decode,7,fp,input_norm,normalization,0.217155,31.0,0.007005,31.0
decode,7,fp,post_attn_norm,normalization,0.203174,31.0,0.006554,31.0
decode,7,ptq,attention,attention,0.395584,31.0,0.012760774193548386,31.0
decode,7,ptq,attention,int4_weight_only_gemm,5.870048,31.0,0.1893563870967742,62.0
decode,7,ptq,attention,kv_cache,0.198528,31.0,0.006404129032258064,31.0
decode,7,ptq,attention,rope,0.269376,31.0,0.008689548387096775,31.0
decode,7,ptq,mlp,activation,0.278848,31.0,0.008995096774193549,31.0
decode,7,ptq,mlp,int4_weight_only_gemm,22.532992,31.0,0.7268707096774194,62.0
decode,7,ptq,total,activation,0.278848,31.0,0.008995096774193549,31.0
decode,7,ptq,total,attention,0.395584,31.0,0.012760774193548386,31.0
decode,7,ptq,total,int4_weight_only_gemm,28.40304,31.0,0.9162270967741936,124.0
decode,7,ptq,total,kv_cache,0.198528,31.0,0.006404129032258064,31.0
decode,7,ptq,total,normalization,0.392384,31.0,0.012657548387096774,62.0
decode,7,ptq,total,rope,0.269376,31.0,0.008689548387096775,31.0
decode,8,fp,input_norm,normalization,0.215512,31.0,0.006952,31.0
decode,8,fp,post_attn_norm,normalization,0.199268,31.0,0.006428,31.0
decode,8,ptq,attention,attention,0.389504,31.0,0.012564645161290322,31.0
decode,8,ptq,attention,int4_weight_only_gemm,5.780512,31.0,0.18646812903225807,62.0
decode,8,ptq,attention,kv_cache,0.19664,31.0,0.006343225806451613,31.0
decode,8,ptq,attention,rope,0.2608,31.0,0.008412903225806451,31.0
decode,8,ptq,mlp,activation,0.28096,31.0,0.009063225806451613,31.0
decode,8,ptq,mlp,int4_weight_only_gemm,22.361024,31.0,0.7213233548387097,62.0
decode,8,ptq,total,activation,0.28096,31.0,0.009063225806451613,31.0
decode,8,ptq,total,attention,0.389504,31.0,0.012564645161290322,31.0
decode,8,ptq,total,int4_weight_only_gemm,28.141536,31.0,0.9077914838709678,124.0
decode,8,ptq,total,kv_cache,0.19664,31.0,0.006343225806451613,31.0
decode,8,ptq,total,normalization,0.385952,31.0,0.012450064516129032,62.0
decode,8,ptq,total,rope,0.2608,31.0,0.008412903225806451,31.0
decode,9,fp,input_norm,normalization,0.234081,31.0,0.007551,31.0
decode,9,fp,post_attn_norm,normalization,0.199454,31.0,0.006434,31.0
decode,9,ptq,attention,attention,0.38816,31.0,0.012521290322580645,31.0
decode,9,ptq,attention,int4_weight_only_gemm,5.843072,31.0,0.18848619354838708,62.0
decode,9,ptq,attention,kv_cache,0.198016,31.0,0.006387612903225807,31.0
decode,9,ptq,attention,rope,0.256512,31.0,0.008274580645161289,31.0
decode,9,ptq,mlp,activation,0.280512,31.0,0.009048774193548386,31.0
decode,9,ptq,mlp,int4_weight_only_gemm,22.432128,31.0,0.7236170322580645,62.0
decode,9,ptq,total,activation,0.280512,31.0,0.009048774193548386,31.0
decode,9,ptq,total,attention,0.38816,31.0,0.012521290322580645,31.0
decode,9,ptq,total,int4_weight_only_gemm,28.2752,31.0,0.9121032258064516,124.0
decode,9,ptq,total,kv_cache,0.198016,31.0,0.006387612903225807,31.0
decode,9,ptq,total,normalization,0.405696,31.0,0.013086967741935483,62.0
decode,9,ptq,total,rope,0.256512,31.0,0.008274580645161289,31.0
decode,10,fp,input_norm,normalization,0.21638,31.0,0.00698,31.0
decode,10,fp,post_attn_norm,normalization,0.197005,31.0,0.006355,31.0
decode,10,ptq,attention,attention,0.388704,31.0,0.01253883870967742,31.0
decode,10,ptq,attention,int4_weight_only_gemm,5.791168,31.0,0.18681187096774193,62.0
decode,10,ptq,attention,kv_cache,0.197888,31.0,0.006383483870967741,31.0
decode,10,ptq,attention,rope,0.255648,31.0,0.008246709677419355,31.0
decode,10,ptq,mlp,activation,0.279872,31.0,0.009028129032258064,31.0
decode,10,ptq,mlp,int4_weight_only_gemm,22.295552,31.0,0.7192113548387097,62.0
decode,10,ptq,total,activation,0.279872,31.0,0.009028129032258064,31.0
decode,10,ptq,total,attention,0.388704,31.0,0.01253883870967742,31.0
decode,10,ptq,total,int4_weight_only_gemm,28.08672,31.0,0.9060232258064517,124.0
decode,10,ptq,total,kv_cache,0.197888,31.0,0.006383483870967741,31.0
decode,10,ptq,total,normalization,0.384288,31.0,0.012396387096774193,62.0
decode,10,ptq,total,rope,0.255648,31.0,0.008246709677419355,31.0
decode,11,fp,input_norm,normalization,0.214706,31.0,0.006926,31.0
decode,11,fp,post_attn_norm,normalization,0.19437,31.0,0.00627,31.0
decode,11,ptq,attention,attention,0.383872,31.0,0.012382967741935483,31.0
decode,11,ptq,attention,int4_weight_only_gemm,5.768864,31.0,0.18609238709677417,62.0
decode,11,ptq,attention,kv_cache,0.196704,31.0,0.006345290322580645,31.0
decode,11,ptq,attention,rope,0.270432,31.0,0.008723612903225807,31.0
decode,11,ptq,mlp,activation,0.276896,31.0,0.008932129032258065,31.0
decode,11,ptq,mlp,int4_weight_only_gemm,22.533824,31.0,0.7268975483870967,62.0
decode,11,ptq,total,activation,0.276896,31.0,0.008932129032258065,31.0
decode,11,ptq,total,attention,0.383872,31.0,0.012382967741935483,31.0
decode,11,ptq,total,int4_weight_only_gemm,28.302688,31.0,0.9129899354838709,124.0
decode,11,ptq,total,kv_cache,0.196704,31.0,0.006345290322580645,31.0
decode,11,ptq,total,normalization,0.380448,31.0,0.012272516129032258,62.0
decode,11,ptq,total,rope,0.270432,31.0,0.008723612903225807,31.0
decode,12,fp,input_norm,normalization,0.240498,31.0,0.007758,31.0
decode,12,fp,post_attn_norm,normalization,0.191828,31.0,0.006188,31.0
decode,12,ptq,attention,attention,0.381472,31.0,0.012305548387096774,31.0
decode,12,ptq,attention,int4_weight_only_gemm,5.747264,31.0,0.18539561290322581,62.0
decode,12,ptq,attention,kv_cache,0.194624,31.0,0.006278193548387097,31.0
decode,12,ptq,attention,rope,0.252512,31.0,0.008145548387096774,31.0
decode,12,ptq,mlp,activation,0.27504,31.0,0.00887225806451613,31.0
decode,12,ptq,mlp,int4_weight_only_gemm,22.073536,31.0,0.7120495483870968,62.0
decode,12,ptq,total,activation,0.27504,31.0,0.00887225806451613,31.0
decode,12,ptq,total,attention,0.381472,31.0,0.012305548387096774,31.0
decode,12,ptq,total,int4_weight_only_gemm,27.8208,31.0,0.8974451612903226,124.0
decode,12,ptq,total,kv_cache,0.194624,31.0,0.006278193548387097,31.0
decode,12,ptq,total,normalization,0.40416,31.0,0.01303741935483871,62.0
decode,12,ptq,total,rope,0.252512,31.0,0.008145548387096774,31.0
decode,13,fp,input_norm,normalization,0.21297,31.0,0.00687,31.0
decode,13,fp,post_attn_norm,normalization,0.190991,31.0,0.006161,31.0
decode,13,ptq,attention,attention,0.3784,31.0,0.012206451612903225,31.0
decode,13,ptq,attention,int4_weight_only_gemm,5.671904,31.0,0.18296464516129032,62.0
decode,13,ptq,attention,kv_cache,0.194624,31.0,0.006278193548387097,31.0
decode,13,ptq,attention,rope,0.254752,31.0,0.008217806451612903,31.0
decode,13,ptq,mlp,activation,0.275616,31.0,0.008890838709677419,31.0
decode,13,ptq,mlp,int4_weight_only_gemm,21.873056,31.0,0.7055824516129032,62.0
decode,13,ptq,total,activation,0.275616,31.0,0.008890838709677419,31.0
decode,13,ptq,total,attention,0.3784,31.0,0.012206451612903225,31.0
decode,13,ptq,total,int4_weight_only_gemm,27.54496,31.0,0.8885470967741935,124.0
decode,13,ptq,total,kv_cache,0.194624,31.0,0.006278193548387097,31.0
decode,13,ptq,total,normalization,0.374848,31.0,0.012091870967741936,62.0
decode,13,ptq,total,rope,0.254752,31.0,0.008217806451612903,31.0
decode,14,fp,input_norm,normalization,0.212257,31.0,0.006847,31.0
decode,14,fp,post_attn_norm,normalization,0.188573,31.0,0.006083,31.0
decode,14,ptq,attention,attention,0.371776,31.0,0.011992774193548387,31.0
decode,14,ptq,attention,int4_weight_only_gemm,5.602208,31.0,0.18071638709677418,62.0
decode,14,ptq,attention,kv_cache,0.192416,31.0,0.006206967741935484,31.0
decode,14,ptq,attention,rope,0.261472,31.0,0.00843458064516129,31.0
decode,14,ptq,mlp,activation,0.268544,31.0,0.008662709677419354,31.0
decode,14,ptq,mlp,int4_weight_only_gemm,21.610432,31.0,0.6971107096774194,62.0
decode,14,ptq,total,activation,0.268544,31.0,0.008662709677419354,31.0
decode,14,ptq,total,attention,0.371776,31.0,0.011992774193548387,31.0
decode,14,ptq,total,int4_weight_only_gemm,27.21264,31.0,0.8778270967741936,124.0
decode,14,ptq,total,kv_cache,0.192416,31.0,0.006206967741935484,31.0
decode,14,ptq,total,normalization,0.371744,31.0,0.011991741935483871,62.0
decode,14,ptq,total,rope,0.261472,31.0,0.00843458064516129,31.0
decode,15,fp,input_norm,normalization,0.20832,31.0,0.00672,31.0
decode,15,fp,post_attn_norm,normalization,0.216566,31.0,0.006986,31.0
decode,15,ptq,attention,attention,0.375072,31.0,0.01209909677419355,31.0
decode,15,ptq,attention,int4_weight_only_gemm,5.599008,31.0,0.18061316129032257,62.0
decode,15,ptq,attention,kv_cache,0.190784,31.0,0.006154322580645161,31.0
decode,15,ptq,attention,rope,0.260224,31.0,0.008394322580645161,31.0
decode,15,ptq,mlp,activation,0.270016,31.0,0.008710193548387096,31.0
decode,15,ptq,mlp,int4_weight_only_gemm,21.599456,31.0,0.6967566451612903,62.0
decode,15,ptq,total,activation,0.270016,31.0,0.008710193548387096,31.0
decode,15,ptq,total,attention,0.375072,31.0,0.01209909677419355,31.0
decode,15,ptq,total,int4_weight_only_gemm,27.198464,31.0,0.8773698064516129,124.0
decode,15,ptq,total,kv_cache,0.190784,31.0,0.006154322580645161,31.0
decode,15,ptq,total,normalization,0.396288,31.0,0.012783483870967742,62.0
decode,15,ptq,total,rope,0.260224,31.0,0.008394322580645161,31.0
decode,16,fp,input_norm,normalization,0.209219,31.0,0.006749,31.0
decode,16,fp,post_attn_norm,normalization,0.18693,31.0,0.00603,31.0
decode,16,ptq,attention,attention,0.373056,31.0,0.012034064516129032,31.0
decode,16,ptq,attention,int4_weight_only_gemm,5.551584,31.0,0.17908335483870966,62.0
decode,16,ptq,attention,kv_cache,0.189344,31.0,0.006107870967741936,31.0
decode,16,ptq,attention,rope,0.250336,31.0,0.008075354838709678,31.0
decode,16,ptq,mlp,activation,0.266944,31.0,0.00861109677419355,31.0
decode,16,ptq,mlp,int4_weight_only_gemm,21.896672,31.0,0.7063442580645162,62.0
decode,16,ptq,total,activation,0.266944,31.0,0.00861109677419355,31.0
decode,16,ptq,total,attention,0.373056,31.0,0.012034064516129032,31.0
decode,16,ptq,total,int4_weight_only_gemm,27.448256,31.0,0.8854276129032258,124.0
decode,16,ptq,total,kv_cache,0.189344,31.0,0.006107870967741936,31.0
decode,16,ptq,total,normalization,0.36672,31.0,0.01182967741935484,62.0
decode,16,ptq,total,rope,0.250336,31.0,0.008075354838709678,31.0
decode,17,fp,input_norm,normalization,0.208847,31.0,0.006737,31.0
decode,17,fp,post_attn_norm,normalization,0.187054,31.0,0.006034,31.0
decode,17,ptq,attention,attention,0.37232,31.0,0.01201032258064516,31.0
decode,17,ptq,attention,int4_weight_only_gemm,5.62112,31.0,0.1813264516129032,62.0
decode,17,ptq,attention,kv_cache,0.189568,31.0,0.006115096774193548,31.0
decode,17,ptq,attention,rope,0.24224,31.0,0.007814193548387097,31.0
decode,17,ptq,mlp,activation,0.263872,31.0,0.008512,31.0
decode,17,ptq,mlp,int4_weight_only_gemm,21.334624,31.0,0.6882136774193548,62.0
decode,17,ptq,total,activation,0.263872,31.0,0.008512,31.0
decode,17,ptq,total,attention,0.37232,31.0,0.01201032258064516,31.0
decode,17,ptq,total,int4_weight_only_gemm,26.955744,31.0,0.8695401290322581,124.0
decode,17,ptq,total,kv_cache,0.189568,31.0,0.006115096774193548,31.0
decode,17,ptq,total,normalization,0.36656,31.0,0.011824516129032257,62.0
decode,17,ptq,total,rope,0.24224,31.0,0.007814193548387097,31.0
decode,18,fp,input_norm,normalization,0.206057,31.0,0.006647,31.0
decode,18,fp,post_attn_norm,normalization,0.185814,31.0,0.005994,31.0
decode,18,ptq,attention,attention,0.37216,31.0,0.012005161290322582,31.0
decode,18,ptq,attention,int4_weight_only_gemm,5.552992,31.0,0.1791287741935484,62.0
decode,18,ptq,attention,kv_cache,0.189088,31.0,0.0060996129032258066,31.0
decode,18,ptq,attention,rope,0.24096,31.0,0.007772903225806452,31.0
decode,18,ptq,mlp,activation,0.26432,31.0,0.008526451612903226,31.0
decode,18,ptq,mlp,int4_weight_only_gemm,21.321856,31.0,0.6878018064516128,62.0
decode,18,ptq,total,activation,0.26432,31.0,0.008526451612903226,31.0
decode,18,ptq,total,attention,0.37216,31.0,0.012005161290322582,31.0
decode,18,ptq,total,int4_weight_only_gemm,26.874848,31.0,0.8669305806451614,124.0
decode,18,ptq,total,kv_cache,0.189088,31.0,0.0060996129032258066,31.0
decode,18,ptq,total,normalization,0.362336,31.0,0.011688258064516129,62.0
decode,18,ptq,total,rope,0.24096,31.0,0.007772903225806452,31.0
decode,19,fp,input_norm,normalization,0.236251,31.0,0.007621,31.0
decode,19,fp,post_attn_norm,normalization,0.185442,31.0,0.005982,31.0
decode,19,ptq,attention,attention,0.367328,31.0,0.011849290322580646,31.0
decode,19,ptq,attention,int4_weight_only_gemm,5.552544,31.0,0.17911432258064516,62.0
decode,19,ptq,attention,kv_cache,0.188576,31.0,0.006083096774193548,31.0
decode,19,ptq,attention,rope,0.242176,31.0,0.007812129032258064,31.0
decode,19,ptq,mlp,activation,0.265536,31.0,0.00856567741935484,31.0
decode,19,ptq,mlp,int4_weight_only_gemm,21.26112,31.0,0.6858425806451613,62.0
decode,19,ptq,total,activation,0.265536,31.0,0.00856567741935484,31.0
decode,19,ptq,total,attention,0.367328,31.0,0.011849290322580646,31.0
decode,19,ptq,total,int4_weight_only_gemm,26.813664,31.0,0.8649569032258064,124.0
decode,19,ptq,total,kv_cache,0.188576,31.0,0.006083096774193548,31.0
decode,19,ptq,total,normalization,0.393408,31.0,0.01269058064516129,62.0
decode,19,ptq,total,rope,0.242176,31.0,0.007812129032258064,31.0
decode,20,fp,input_norm,normalization,0.206646,31.0,0.006666,31.0
decode,20,fp,post_attn_norm,normalization,0.185969,31.0,0.005999,31.0
decode,20,ptq,attention,attention,0.372128,31.0,0.012004129032258065,31.0
decode,20,ptq,attention,int4_weight_only_gemm,5.600864,31.0,0.18067303225806453,62.0
decode,20,ptq,attention,kv_cache,0.189376,31.0,0.006108903225806451,31.0
decode,20,ptq,attention,rope,0.257152,31.0,0.008295225806451614,31.0
decode,20,ptq,mlp,activation,0.265152,31.0,0.008553290322580646,31.0
decode,20,ptq,mlp,int4_weight_only_gemm,21.37136,31.0,0.6893987096774193,62.0
decode,20,ptq,total,activation,0.265152,31.0,0.008553290322580646,31.0
decode,20,ptq,total,attention,0.372128,31.0,0.012004129032258065,31.0
decode,20,ptq,total,int4_weight_only_gemm,26.972224,31.0,0.8700717419354839,124.0
decode,20,ptq,total,kv_cache,0.189376,31.0,0.006108903225806451,31.0
decode,20,ptq,total,normalization,0.363552,31.0,0.011727483870967743,62.0
decode,20,ptq,total,rope,0.257152,31.0,0.008295225806451614,31.0
decode,21,fp,input_norm,normalization,0.207576,31.0,0.006696,31.0
decode,21,fp,post_attn_norm,normalization,0.186155,31.0,0.006005,31.0
decode,21,ptq,attention,attention,0.374592,31.0,0.012083612903225807,31.0
decode,21,ptq,attention,int4_weight_only_gemm,5.520512,31.0,0.17808103225806451,62.0
decode,21,ptq,attention,kv_cache,0.19008,31.0,0.0061316129032258065,31.0
decode,21,ptq,attention,rope,0.228384,31.0,0.007367225806451613,31.0
decode,21,ptq,mlp,activation,0.26528,31.0,0.00855741935483871,31.0
decode,21,ptq,mlp,int4_weight_only_gemm,21.33488,31.0,0.6882219354838709,62.0
decode,21,ptq,total,activation,0.26528,31.0,0.00855741935483871,31.0
decode,21,ptq,total,attention,0.374592,31.0,0.012083612903225807,31.0
decode,21,ptq,total,int4_weight_only_gemm,26.855392,31.0,0.8663029677419355,124.0
decode,21,ptq,total,kv_cache,0.19008,31.0,0.0061316129032258065,31.0
decode,21,ptq,total,normalization,0.364672,31.0,0.011763612903225806,62.0
decode,21,ptq,total,rope,0.228384,31.0,0.007367225806451613,31.0
decode,22,fp,input_norm,normalization,0.225804,31.0,0.007284,31.0
decode,22,fp,post_attn_norm,normalization,0.186806,31.0,0.006026,31.0
decode,22,ptq,attention,attention,0.37248,31.0,0.012015483870967743,31.0
decode,22,ptq,attention,int4_weight_only_gemm,5.574848,31.0,0.1798338064516129,62.0
decode,22,ptq,attention,kv_cache,0.190144,31.0,0.006133677419354839,31.0
decode,22,ptq,attention,rope,0.244032,31.0,0.007872,31.0
decode,22,ptq,mlp,activation,0.265024,31.0,0.008549161290322582,31.0
decode,22,ptq,mlp,int4_weight_only_gemm,21.326304,31.0,0.6879452903225806,62.0
decode,22,ptq,total,activation,0.265024,31.0,0.008549161290322582,31.0
decode,22,ptq,total,attention,0.37248,31.0,0.012015483870967743,31.0
decode,22,ptq,total,int4_weight_only_gemm,26.901152,31.0,0.8677790967741936,124.0
decode,22,ptq,total,kv_cache,0.190144,31.0,0.006133677419354839,31.0
decode,22,ptq,total,normalization,0.38384,31.0,0.012381935483870968,62.0
decode,22,ptq,total,rope,0.244032,31.0,0.007872,31.0
decode,23,fp,input_norm,normalization,0.208599,31.0,0.006729,31.0
decode,23,fp,post_attn_norm,normalization,0.186093,31.0,0.006003,31.0
decode,23,ptq,attention,attention,0.372896,31.0,0.01202890322580645,31.0
decode,23,ptq,attention,int4_weight_only_gemm,5.599104,31.0,0.18061625806451612,62.0
decode,23,ptq,attention,kv_cache,0.189312,31.0,0.006106838709677419,31.0
decode,23,ptq,attention,rope,0.242912,31.0,0.007835870967741935,31.0
decode,23,ptq,mlp,activation,0.26672,31.0,0.008603870967741935,31.0
decode,23,ptq,mlp,int4_weight_only_gemm,21.455136,31.0,0.6921011612903225,62.0
decode,23,ptq,total,activation,0.26672,31.0,0.008603870967741935,31.0
decode,23,ptq,total,attention,0.372896,31.0,0.01202890322580645,31.0
decode,23,ptq,total,int4_weight_only_gemm,27.05424,31.0,0.8727174193548387,124.0
decode,23,ptq,total,kv_cache,0.189312,31.0,0.006106838709677419,31.0
decode,23,ptq,total,normalization,0.3656,31.0,0.011793548387096774,62.0
decode,23,ptq,total,rope,0.242912,31.0,0.007835870967741935,31.0
decode,24,fp,input_norm,normalization,0.209312,31.0,0.006752,31.0
decode,24,fp,post_attn_norm,normalization,0.187116,31.0,0.006036,31.0
decode,24,ptq,attention,attention,0.379264,31.0,0.012234322580645161,31.0
decode,24,ptq,attention,int4_weight_only_gemm,5.5416,31.0,0.17876129032258065,62.0
decode,24,ptq,attention,kv_cache,0.190496,31.0,0.006145032258064516,31.0
decode,24,ptq,attention,rope,0.25456,31.0,0.008211612903225807,31.0
decode,24,ptq,mlp,activation,0.265824,31.0,0.008574967741935483,31.0
decode,24,ptq,mlp,int4_weight_only_gemm,21.450464,31.0,0.6919504516129033,62.0
decode,24,ptq,total,activation,0.265824,31.0,0.008574967741935483,31.0
decode,24,ptq,total,attention,0.379264,31.0,0.012234322580645161,31.0
decode,24,ptq,total,int4_weight_only_gemm,26.992064,31.0,0.8707117419354838,124.0
decode,24,ptq,total,kv_cache,0.190496,31.0,0.006145032258064516,31.0
decode,24,ptq,total,normalization,0.36688,31.0,0.011834838709677418,62.0
decode,24,ptq,total,rope,0.25456,31.0,0.008211612903225807,31.0
decode,25,fp,input_norm,normalization,0.208878,31.0,0.006738,31.0
decode,25,fp,post_attn_norm,normalization,0.20491,31.0,0.00661,31.0
decode,25,ptq,attention,attention,0.376288,31.0,0.01213832258064516,31.0
decode,25,ptq,attention,int4_weight_only_gemm,5.576128,31.0,0.17987509677419355,62.0
decode,25,ptq,attention,kv_cache,0.190784,31.0,0.006154322580645161,31.0
decode,25,ptq,attention,rope,0.232544,31.0,0.007501419354838709,31.0
decode,25,ptq,mlp,activation,0.267296,31.0,0.008622451612903226,31.0
decode,25,ptq,mlp,int4_weight_only_gemm,22.015168,31.0,0.7101667096774193,62.0
decode,25,ptq,total,activation,0.267296,31.0,0.008622451612903226,31.0
decode,25,ptq,total,attention,0.376288,31.0,0.01213832258064516,31.0
decode,25,ptq,total,int4_weight_only_gemm,27.591296,31.0,0.8900418064516129,124.0
decode,25,ptq,total,kv_cache,0.190784,31.0,0.006154322580645161,31.0
decode,25,ptq,total,normalization,0.384032,31.0,0.012388129032258064,62.0
decode,25,ptq,total,rope,0.232544,31.0,0.007501419354838709,31.0
decode,26,fp,input_norm,normalization,0.211854,31.0,0.006834,31.0
decode,26,fp,post_attn_norm,normalization,0.18848,31.0,0.00608,31.0
decode,26,ptq,attention,attention,0.377376,31.0,0.01217341935483871,31.0
decode,26,ptq,attention,int4_weight_only_gemm,5.585696,31.0,0.18018374193548387,62.0
decode,26,ptq,attention,kv_cache,0.192544,31.0,0.006211096774193548,31.0
decode,26,ptq,attention,rope,0.24976,31.0,0.008056774193548387,31.0
decode,26,ptq,mlp,activation,0.269088,31.0,0.008680258064516128,31.0
decode,26,ptq,mlp,int4_weight_only_gemm,21.578112,31.0,0.696068129032258,62.0
decode,26,ptq,total,activation,0.269088,31.0,0.008680258064516128,31.0
decode,26,ptq,total,attention,0.377376,31.0,0.01217341935483871,31.0
decode,26,ptq,total,int4_weight_only_gemm,27.163808,31.0,0.8762518709677419,124.0
decode,26,ptq,total,kv_cache,0.192544,31.0,0.006211096774193548,31.0
decode,26,ptq,total,normalization,0.371232,31.0,0.011975225806451613,62.0
decode,26,ptq,total,rope,0.24976,31.0,0.008056774193548387,31.0
decode,27,fp,input_norm,normalization,0.210087,31.0,0.006777,31.0
decode,27,fp,post_attn_norm,normalization,0.188573,31.0,0.006083,31.0
decode,27,ptq,attention,attention,0.382208,31.0,0.012329290322580646,31.0
decode,27,ptq,attention,int4_weight_only_gemm,5.5968,31.0,0.18054193548387096,62.0
decode,27,ptq,attention,kv_cache,0.191808,31.0,0.006187354838709677,31.0
decode,27,ptq,attention,rope,0.24656,31.0,0.007953548387096774,31.0
decode,27,ptq,mlp,activation,0.270048,31.0,0.008711225806451613,31.0
decode,27,ptq,mlp,int4_weight_only_gemm,21.710976,31.0,0.7003540645161291,62.0
decode,27,ptq,total,activation,0.270048,31.0,0.008711225806451613,31.0
decode,27,ptq,total,attention,0.382208,31.0,0.012329290322580646,31.0
decode,27,ptq,total,int4_weight_only_gemm,27.307776,31.0,0.880896,124.0
decode,27,ptq,total,kv_cache,0.191808,31.0,0.006187354838709677,31.0
decode,27,ptq,total,normalization,0.369696,31.0,0.011925677419354838,62.0
decode,27,ptq,total,rope,0.24656,31.0,0.007953548387096774,31.0
decode,28,fp,input_norm,normalization,0.212381,31.0,0.006851,31.0
decode,28,fp,post_attn_norm,normalization,0.216566,31.0,0.006986,31.0
decode,28,ptq,attention,attention,0.38192,31.0,0.01232,31.0
decode,28,ptq,attention,int4_weight_only_gemm,5.622368,31.0,0.18136670967741936,62.0
decode,28,ptq,attention,kv_cache,0.193312,31.0,0.006235870967741935,31.0
decode,28,ptq,attention,rope,0.26272,31.0,0.00847483870967742,31.0
decode,28,ptq,mlp,activation,0.272928,31.0,0.008804129032258065,31.0
decode,28,ptq,mlp,int4_weight_only_gemm,21.82192,31.0,0.7039329032258064,62.0
decode,28,ptq,total,activation,0.272928,31.0,0.008804129032258065,31.0
decode,28,ptq,total,attention,0.38192,31.0,0.01232,31.0
decode,28,ptq,total,int4_weight_only_gemm,27.444288,31.0,0.8852996129032258,124.0
decode,28,ptq,total,kv_cache,0.193312,31.0,0.006235870967741935,31.0
decode,28,ptq,total,normalization,0.399744,31.0,0.012894967741935484,62.0
decode,28,ptq,total,rope,0.26272,31.0,0.00847483870967742,31.0
decode,29,fp,input_norm,normalization,0.211885,31.0,0.006835,31.0
decode,29,fp,post_attn_norm,normalization,0.190929,31.0,0.006159,31.0
decode,29,ptq,attention,attention,0.380896,31.0,0.012286967741935483,31.0
decode,29,ptq,attention,int4_weight_only_gemm,5.643008,31.0,0.18203251612903226,62.0
decode,29,ptq,attention,kv_cache,0.19376,31.0,0.006250322580645161,31.0
decode,29,ptq,attention,rope,0.261376,31.0,0.008431483870967742,31.0
decode,29,ptq,mlp,activation,0.272544,31.0,0.008791741935483871,31.0
decode,29,ptq,mlp,int4_weight_only_gemm,22.015232,31.0,0.7101687741935484,62.0
decode,29,ptq,total,activation,0.272544,31.0,0.008791741935483871,31.0
decode,29,ptq,total,attention,0.380896,31.0,0.012286967741935483,31.0
decode,29,ptq,total,int4_weight_only_gemm,27.65824,31.0,0.8922012903225806,124.0
decode,29,ptq,total,kv_cache,0.19376,31.0,0.006250322580645161,31.0
decode,29,ptq,total,normalization,0.374208,31.0,0.012071225806451613,62.0
decode,29,ptq,total,rope,0.261376,31.0,0.008431483870967742,31.0
decode,30,fp,input_norm,normalization,0.213342,31.0,0.006882,31.0
decode,30,fp,post_attn_norm,normalization,0.18941,31.0,0.00611,31.0
decode,30,ptq,attention,attention,0.38592,31.0,0.012449032258064516,31.0
decode,30,ptq,attention,int4_weight_only_gemm,5.645536,31.0,0.18211406451612902,62.0
decode,30,ptq,attention,kv_cache,0.193632,31.0,0.006246193548387097,31.0
decode,30,ptq,attention,rope,0.251488,31.0,0.008112516129032259,31.0
decode,30,ptq,mlp,activation,0.274976,31.0,0.008870193548387096,31.0
decode,30,ptq,mlp,int4_weight_only_gemm,22.1208,31.0,0.7135741935483871,62.0
decode,30,ptq,total,activation,0.274976,31.0,0.008870193548387096,31.0
decode,30,ptq,total,attention,0.38592,31.0,0.012449032258064516,31.0
decode,30,ptq,total,int4_weight_only_gemm,27.766336,31.0,0.8956882580645161,124.0
decode,30,ptq,total,kv_cache,0.193632,31.0,0.006246193548387097,31.0
decode,30,ptq,total,normalization,0.374176,31.0,0.012070193548387096,62.0
decode,30,ptq,total,rope,0.251488,31.0,0.008112516129032259,31.0
decode,31,fp,input_norm,normalization,0.214086,31.0,0.006906,31.0
decode,31,fp,post_attn_norm,normalization,0.190309,31.0,0.006139,31.0
decode,31,ptq,attention,attention,0.384288,31.0,0.012396387096774193,31.0
decode,31,ptq,attention,int4_weight_only_gemm,5.6336,31.0,0.18172903225806453,62.0
decode,31,ptq,attention,kv_cache,0.19488,31.0,0.006286451612903226,31.0
decode,31,ptq,attention,rope,0.267264,31.0,0.00862141935483871,31.0
decode,31,ptq,mlp,activation,0.275168,31.0,0.008876387096774194,31.0
decode,31,ptq,mlp,int4_weight_only_gemm,22.078176,31.0,0.7121992258064517,62.0
decode,31,ptq,total,activation,0.275168,31.0,0.008876387096774194,31.0
decode,31,ptq,total,attention,0.384288,31.0,0.012396387096774193,31.0
decode,31,ptq,total,int4_weight_only_gemm,27.711776,31.0,0.8939282580645161,124.0
decode,31,ptq,total,kv_cache,0.19488,31.0,0.006286451612903226,31.0
decode,31,ptq,total,normalization,0.375872,31.0,0.012124903225806451,62.0
decode,31,ptq,total,rope,0.267264,31.0,0.00862141935483871,31.0
decode,32,fp,input_norm,normalization,0.211854,31.0,0.006834,31.0
decode,32,fp,post_attn_norm,normalization,0.190836,31.0,0.006156,31.0
decode,32,ptq,attention,attention,0.385216,31.0,0.01242632258064516,31.0
decode,32,ptq,attention,int4_weight_only_gemm,5.730368,31.0,0.1848505806451613,62.0
decode,32,ptq,attention,kv_cache,0.194048,31.0,0.006259612903225807,31.0
decode,32,ptq,attention,rope,0.265056,31.0,0.008550193548387097,31.0
decode,32,ptq,mlp,activation,0.274976,31.0,0.008870193548387096,31.0
decode,32,ptq,mlp,int4_weight_only_gemm,22.2272,31.0,0.7170064516129032,62.0
decode,32,ptq,total,activation,0.274976,31.0,0.008870193548387096,31.0
decode,32,ptq,total,attention,0.385216,31.0,0.01242632258064516,31.0
decode,32,ptq,total,int4_weight_only_gemm,27.957568,31.0,0.9018570322580645,124.0
decode,32,ptq,total,kv_cache,0.194048,31.0,0.006259612903225807,31.0
decode,32,ptq,total,normalization,0.37408,31.0,0.012067096774193549,62.0
decode,32,ptq,total,rope,0.265056,31.0,0.008550193548387097,31.0
prefill,1,fp,attention,attention,0.064864,1.0,0.064864,1.0
prefill,1,fp,attention,bf16_gemm,1.185952,1.0,1.185952,2.0
prefill,1,fp,attention,kv_cache,0.007305,1.0,0.007305,1.0
prefill,1,fp,attention,rope,0.010773,1.0,0.010773,1.0
prefill,1,fp,input_norm,normalization,0.005238,1.0,0.005238,1.0
prefill,1,fp,mlp,activation,0.011408,1.0,0.011408,1.0
prefill,1,fp,mlp,bf16_gemm,5.80528,1.0,5.80528,2.0
prefill,1,fp,post_attn_norm,normalization,0.007836,1.0,0.007836,1.0
prefill,1,fp,total,activation,0.011408,1.0,0.011408,1.0
prefill,1,fp,total,attention,0.064864,1.0,0.064864,1.0
prefill,1,fp,total,bf16_gemm,6.991232,1.0,6.991232,4.0
prefill,1,fp,total,kv_cache,0.007305,1.0,0.007305,1.0
prefill,1,fp,total,normalization,0.013074,1.0,0.013074,2.0
prefill,1,fp,total,rope,0.010773,1.0,0.010773,1.0
prefill,2,fp,attention,attention,0.063264,1.0,0.063264,1.0
prefill,2,fp,attention,bf16_gemm,1.38208,1.0,1.38208,2.0
prefill,2,fp,attention,kv_cache,0.006881,1.0,0.006881,1.0
prefill,2,fp,attention,rope,0.010735,1.0,0.010735,1.0
prefill,2,fp,input_norm,normalization,0.008121,1.0,0.008121,1.0
prefill,2,fp,mlp,activation,0.011559,1.0,0.011559,1.0
prefill,2,fp,mlp,bf16_gemm,6.876832,1.0,6.876832,2.0
prefill,2,fp,post_attn_norm,normalization,0.008074,1.0,0.008074,1.0
prefill,2,fp,total,activation,0.011559,1.0,0.011559,1.0
prefill,2,fp,total,attention,0.063264,1.0,0.063264,1.0
prefill,2,fp,total,bf16_gemm,8.258912,1.0,8.258912,4.0
prefill,2,fp,total,kv_cache,0.006881,1.0,0.006881,1.0
prefill,2,fp,total,normalization,0.016195,1.0,0.016195,2.0
prefill,2,fp,total,rope,0.010735,1.0,0.010735,1.0
prefill,3,fp,attention,attention,0.07216,1.0,0.07216,1.0
prefill,3,fp,attention,bf16_gemm,1.431168,1.0,1.431168,2.0
prefill,3,fp,attention,kv_cache,0.006965,1.0,0.006965,1.0
prefill,3,fp,attention,rope,0.011382,1.0,0.011382,1.0
prefill,3,fp,input_norm,normalization,0.008472,1.0,0.008472,1.0
prefill,3,fp,mlp,activation,0.012156,1.0,0.012156,1.0
prefill,3,fp,mlp,bf16_gemm,7.160288,1.0,7.160288,2.0
prefill,3,fp,post_attn_norm,normalization,0.007714,1.0,0.007714,1.0
prefill,3,fp,total,activation,0.012156,1.0,0.012156,1.0
prefill,3,fp,total,attention,0.07216,1.0,0.07216,1.0
prefill,3,fp,total,bf16_gemm,8.591456,1.0,8.591456,4.0
prefill,3,fp,total,kv_cache,0.006965,1.0,0.006965,1.0
prefill,3,fp,total,normalization,0.016186,1.0,0.016186,2.0
prefill,3,fp,total,rope,0.011382,1.0,0.011382,1.0
prefill,4,fp,attention,attention,0.067744,1.0,0.067744,1.0
prefill,4,fp,attention,bf16_gemm,1.439584,1.0,1.439584,2.0
prefill,4,fp,attention,kv_cache,0.024576,1.0,0.024576,1.0
prefill,4,fp,attention,rope,0.045984,1.0,0.045984,1.0
prefill,4,fp,input_norm,normalization,0.008444,1.0,0.008444,1.0
prefill,4,fp,mlp,activation,0.101728,1.0,0.101728,1.0
prefill,4,fp,mlp,bf16_gemm,7.143616,1.0,7.143616,2.0
prefill,4,fp,post_attn_norm,normalization,0.007683,1.0,0.007683,1.0
prefill,4,fp,total,activation,0.101728,1.0,0.101728,1.0
prefill,4,fp,total,attention,0.067744,1.0,0.067744,1.0
prefill,4,fp,total,bf16_gemm,8.5832,1.0,8.5832,4.0
prefill,4,fp,total,kv_cache,0.024576,1.0,0.024576,1.0
prefill,4,fp,total,normalization,0.101248,1.0,0.101248,2.0
prefill,4,fp,total,rope,0.045984,1.0,0.045984,1.0
prefill,5,fp,attention,attention,0.061472,1.0,0.061472,1.0
prefill,5,fp,attention,bf16_gemm,0.960384,1.0,0.960384,2.0
prefill,5,fp,attention,kv_cache,0.020448,1.0,0.020448,1.0
prefill,5,fp,attention,rope,0.0392,1.0,0.0392,1.0
prefill,5,fp,input_norm,normalization,0.007656,1.0,0.007656,1.0
prefill,5,fp,mlp,activation,0.058176,1.0,0.058176,1.0
prefill,5,fp,mlp,bf16_gemm,3.400096,1.0,3.400096,2.0
prefill,5,fp,post_attn_norm,normalization,0.007073,1.0,0.007073,1.0
prefill,5,fp,total,activation,0.058176,1.0,0.058176,1.0
prefill,5,fp,total,attention,0.061472,1.0,0.061472,1.0
prefill,5,fp,total,bf16_gemm,4.36048,1.0,4.36048,4.0
prefill,5,fp,total,kv_cache,0.020448,1.0,0.020448,1.0
prefill,5,fp,total,normalization,0.071008,1.0,0.071008,2.0
prefill,5,fp,total,rope,0.0392,1.0,0.0392,1.0
prefill,6,fp,attention,attention,0.03424,1.0,0.03424,1.0
prefill,6,fp,attention,bf16_gemm,0.618528,1.0,0.618528,2.0
prefill,6,fp,attention,kv_cache,0.017024,1.0,0.017024,1.0
prefill,6,fp,attention,rope,0.03168,1.0,0.03168,1.0
prefill,6,fp,input_norm,normalization,0.00823,1.0,0.00823,1.0
prefill,6,fp,mlp,activation,0.043296,1.0,0.043296,1.0
prefill,6,fp,mlp,bf16_gemm,2.54768,1.0,2.54768,2.0
prefill,6,fp,post_attn_norm,normalization,0.006857,1.0,0.006857,1.0
prefill,6,fp,total,activation,0.043296,1.0,0.043296,1.0
prefill,6,fp,total,attention,0.03424,1.0,0.03424,1.0
prefill,6,fp,total,bf16_gemm,3.166208,1.0,3.166208,4.0
prefill,6,fp,total,kv_cache,0.017024,1.0,0.017024,1.0
prefill,6,fp,total,normalization,0.048224,1.0,0.048224,2.0
prefill,6,fp,total,rope,0.03168,1.0,0.03168,1.0
prefill,7,fp,attention,attention,0.025504,1.0,0.025504,1.0
prefill,7,fp,attention,bf16_gemm,0.570912,1.0,0.570912,2.0
prefill,7,fp,attention,kv_cache,0.009984,1.0,0.009984,1.0
prefill,7,fp,attention,rope,0.019328,1.0,0.019328,1.0
prefill,7,fp,input_norm,normalization,0.007005,1.0,0.007005,1.0
prefill,7,fp,mlp,activation,0.044064,1.0,0.044064,1.0
prefill,7,fp,mlp,bf16_gemm,2.548576,1.0,2.548576,2.0
prefill,7,fp,post_attn_norm,normalization,0.006554,1.0,0.006554,1.0
prefill,7,fp,total,activation,0.044064,1.0,0.044064,1.0
prefill,7,fp,total,attention,0.025504,1.0,0.025504,1.0
prefill,7,fp,total,bf16_gemm,3.119488,1.0,3.119488,4.0
prefill,7,fp,total,kv_cache,0.009984,1.0,0.009984,1.0
prefill,7,fp,total,normalization,0.041504,1.0,0.041504,2.0
prefill,7,fp,total,rope,0.019328,1.0,0.019328,1.0
prefill,8,fp,attention,attention,0.025408,1.0,0.025408,1.0
prefill,8,fp,attention,bf16_gemm,0.569824,1.0,0.569824,2.0
prefill,8,fp,attention,kv_cache,0.010208,1.0,0.010208,1.0
prefill,8,fp,attention,rope,0.018688,1.0,0.018688,1.0
prefill,8,fp,input_norm,normalization,0.006952,1.0,0.006952,1.0
prefill,8,fp,mlp,activation,0.043648,1.0,0.043648,1.0
prefill,8,fp,mlp,bf16_gemm,2.542656,1.0,2.542656,2.0
prefill,8,fp,post_attn_norm,normalization,0.006428,1.0,0.006428,1.0
prefill,8,fp,total,activation,0.043648,1.0,0.043648,1.0
prefill,8,fp,total,attention,0.025408,1.0,0.025408,1.0
prefill,8,fp,total,bf16_gemm,3.11248,1.0,3.11248,4.0
prefill,8,fp,total,kv_cache,0.010208,1.0,0.010208,1.0
prefill,8,fp,total,normalization,0.042208,1.0,0.042208,2.0
prefill,8,fp,total,rope,0.018688,1.0,0.018688,1.0
prefill,9,fp,attention,attention,0.025792,1.0,0.025792,1.0
prefill,9,fp,attention,bf16_gemm,0.57312,1.0,0.57312,2.0
prefill,9,fp,attention,kv_cache,0.01008,1.0,0.01008,1.0
prefill,9,fp,attention,rope,0.019392,1.0,0.019392,1.0
prefill,9,fp,input_norm,normalization,0.007551,1.0,0.007551,1.0
prefill,9,fp,mlp,activation,0.043488,1.0,0.043488,1.0
prefill,9,fp,mlp,bf16_gemm,2.546688,1.0,2.546688,2.0
prefill,9,fp,post_attn_norm,normalization,0.006434,1.0,0.006434,1.0
prefill,9,fp,total,activation,0.043488,1.0,0.043488,1.0
prefill,9,fp,total,attention,0.025792,1.0,0.025792,1.0
prefill,9,fp,total,bf16_gemm,3.119808,1.0,3.119808,4.0
prefill,9,fp,total,kv_cache,0.01008,1.0,0.01008,1.0
prefill,9,fp,total,normalization,0.041824,1.0,0.041824,2.0
prefill,9,fp,total,rope,0.019392,1.0,0.019392,1.0
prefill,10,fp,attention,attention,0.025792,1.0,0.025792,1.0
prefill,10,fp,attention,bf16_gemm,0.576224,1.0,0.576224,2.0
prefill,10,fp,attention,kv_cache,0.01008,1.0,0.01008,1.0
prefill,10,fp,attention,rope,0.019168,1.0,0.019168,1.0
prefill,10,fp,input_norm,normalization,0.00698,1.0,0.00698,1.0
prefill,10,fp,mlp,activation,0.042752,1.0,0.042752,1.0
prefill,10,fp,mlp,bf16_gemm,2.547488,1.0,2.547488,2.0
prefill,10,fp,post_attn_norm,normalization,0.006355,1.0,0.006355,1.0
prefill,10,fp,total,activation,0.042752,1.0,0.042752,1.0
prefill,10,fp,total,attention,0.025792,1.0,0.025792,1.0
prefill,10,fp,total,bf16_gemm,3.123712,1.0,3.123712,4.0
prefill,10,fp,total,kv_cache,0.01008,1.0,0.01008,1.0
prefill,10,fp,total,normalization,0.042432,1.0,0.042432,2.0
prefill,10,fp,total,rope,0.019168,1.0,0.019168,1.0
prefill,11,fp,attention,attention,0.025152,1.0,0.025152,1.0
prefill,11,fp,attention,bf16_gemm,0.571392,1.0,0.571392,2.0
prefill,11,fp,attention,kv_cache,0.010208,1.0,0.010208,1.0
prefill,11,fp,attention,rope,0.018496,1.0,0.018496,1.0
prefill,11,fp,input_norm,normalization,0.006926,1.0,0.006926,1.0
prefill,11,fp,mlp,activation,0.043328,1.0,0.043328,1.0
prefill,11,fp,mlp,bf16_gemm,2.547072,1.0,2.547072,2.0
prefill,11,fp,post_attn_norm,normalization,0.00627,1.0,0.00627,1.0
prefill,11,fp,total,activation,0.043328,1.0,0.043328,1.0
prefill,11,fp,total,attention,0.025152,1.0,0.025152,1.0
prefill,11,fp,total,bf16_gemm,3.118464,1.0,3.118464,4.0
prefill,11,fp,total,kv_cache,0.010208,1.0,0.010208,1.0
prefill,11,fp,total,normalization,0.041824,1.0,0.041824,2.0
prefill,11,fp,total,rope,0.018496,1.0,0.018496,1.0
prefill,12,fp,attention,attention,0.025792,1.0,0.025792,1.0
prefill,12,fp,attention,bf16_gemm,0.58048,1.0,0.58048,2.0
prefill,12,fp,attention,kv_cache,0.010304,1.0,0.010304,1.0
prefill,12,fp,attention,rope,0.018848,1.0,0.018848,1.0
prefill,12,fp,input_norm,normalization,0.007758,1.0,0.007758,1.0
prefill,12,fp,mlp,activation,0.043552,1.0,0.043552,1.0
prefill,12,fp,mlp,bf16_gemm,2.549216,1.0,2.549216,2.0
prefill,12,fp,post_attn_norm,normalization,0.006188,1.0,0.006188,1.0
prefill,12,fp,total,activation,0.043552,1.0,0.043552,1.0
prefill,12,fp,total,attention,0.025792,1.0,0.025792,1.0
prefill,12,fp,total,bf16_gemm,3.129696,1.0,3.129696,4.0
prefill,12,fp,total,kv_cache,0.010304,1.0,0.010304,1.0
prefill,12,fp,total,normalization,0.042112,1.0,0.042112,2.0
prefill,12,fp,total,rope,0.018848,1.0,0.018848,1.0
prefill,13,fp,attention,attention,0.025632,1.0,0.025632,1.0
prefill,13,fp,attention,bf16_gemm,0.569888,1.0,0.569888,2.0
prefill,13,fp,attention,kv_cache,0.010592,1.0,0.010592,1.0
prefill,13,fp,attention,rope,0.019584,1.0,0.019584,1.0
prefill,13,fp,input_norm,normalization,0.00687,1.0,0.00687,1.0
prefill,13,fp,mlp,activation,0.043616,1.0,0.043616,1.0
prefill,13,fp,mlp,bf16_gemm,2.564416,1.0,2.564416,2.0
prefill,13,fp,post_attn_norm,normalization,0.006161,1.0,0.006161,1.0
prefill,13,fp,total,activation,0.043616,1.0,0.043616,1.0
prefill,13,fp,total,attention,0.025632,1.0,0.025632,1.0
prefill,13,fp,total,bf16_gemm,3.134304,1.0,3.134304,4.0
prefill,13,fp,total,kv_cache,0.010592,1.0,0.010592,1.0
prefill,13,fp,total,normalization,0.042144,1.0,0.042144,2.0
prefill,13,fp,total,rope,0.019584,1.0,0.019584,1.0
prefill,14,fp,attention,attention,0.02608,1.0,0.02608,1.0
prefill,14,fp,attention,bf16_gemm,0.573696,1.0,0.573696,2.0
prefill,14,fp,attention,kv_cache,0.0104,1.0,0.0104,1.0
prefill,14,fp,attention,rope,0.019296,1.0,0.019296,1.0
prefill,14,fp,input_norm,normalization,0.006847,1.0,0.006847,1.0
prefill,14,fp,mlp,activation,0.043104,1.0,0.043104,1.0
prefill,14,fp,mlp,bf16_gemm,2.548352,1.0,2.548352,2.0
prefill,14,fp,post_attn_norm,normalization,0.006083,1.0,0.006083,1.0
prefill,14,fp,total,activation,0.043104,1.0,0.043104,1.0
prefill,14,fp,total,attention,0.02608,1.0,0.02608,1.0
prefill,14,fp,total,bf16_gemm,3.122048,1.0,3.122048,4.0
prefill,14,fp,total,kv_cache,0.0104,1.0,0.0104,1.0
prefill,14,fp,total,normalization,0.042016,1.0,0.042016,2.0
prefill,14,fp,total,rope,0.019296,1.0,0.019296,1.0
prefill,15,fp,attention,attention,0.025664,1.0,0.025664,1.0
prefill,15,fp,attention,bf16_gemm,0.571744,1.0,0.571744,2.0
prefill,15,fp,attention,kv_cache,0.010208,1.0,0.010208,1.0
prefill,15,fp,attention,rope,0.018784,1.0,0.018784,1.0
prefill,15,fp,input_norm,normalization,0.00672,1.0,0.00672,1.0
prefill,15,fp,mlp,activation,0.043552,1.0,0.043552,1.0
prefill,15,fp,mlp,bf16_gemm,2.548896,1.0,2.548896,2.0
prefill,15,fp,post_attn_norm,normalization,0.006986,1.0,0.006986,1.0
prefill,15,fp,total,activation,0.043552,1.0,0.043552,1.0
prefill,15,fp,total,attention,0.025664,1.0,0.025664,1.0
prefill,15,fp,total,bf16_gemm,3.12064,1.0,3.12064,4.0
prefill,15,fp,total,kv_cache,0.010208,1.0,0.010208,1.0
prefill,15,fp,total,normalization,0.042304,1.0,0.042304,2.0
prefill,15,fp,total,rope,0.018784,1.0,0.018784,1.0
prefill,16,fp,attention,attention,0.025696,1.0,0.025696,1.0
prefill,16,fp,attention,bf16_gemm,0.569664,1.0,0.569664,2.0
prefill,16,fp,attention,kv_cache,0.010016,1.0,0.010016,1.0
prefill,16,fp,attention,rope,0.018656,1.0,0.018656,1.0
prefill,16,fp,input_norm,normalization,0.006749,1.0,0.006749,1.0
prefill,16,fp,mlp,activation,0.042528,1.0,0.042528,1.0
prefill,16,fp,mlp,bf16_gemm,2.54272,1.0,2.54272,2.0
prefill,16,fp,post_attn_norm,normalization,0.00603,1.0,0.00603,1.0
prefill,16,fp,total,activation,0.042528,1.0,0.042528,1.0
prefill,16,fp,total,attention,0.025696,1.0,0.025696,1.0
prefill,16,fp,total,bf16_gemm,3.112384,1.0,3.112384,4.0
prefill,16,fp,total,kv_cache,0.010016,1.0,0.010016,1.0
prefill,16,fp,total,normalization,0.042208,1.0,0.042208,2.0
prefill,16,fp,total,rope,0.018656,1.0,0.018656,1.0
prefill,17,fp,attention,attention,0.025984,1.0,0.025984,1.0
prefill,17,fp,attention,bf16_gemm,0.570656,1.0,0.570656,2.0
prefill,17,fp,attention,kv_cache,0.009984,1.0,0.009984,1.0
prefill,17,fp,attention,rope,0.018208,1.0,0.018208,1.0
prefill,17,fp,input_norm,normalization,0.006737,1.0,0.006737,1.0
prefill,17,fp,mlp,activation,0.043616,1.0,0.043616,1.0
prefill,17,fp,mlp,bf16_gemm,2.545152,1.0,2.545152,2.0
prefill,17,fp,post_attn_norm,normalization,0.006034,1.0,0.006034,1.0
prefill,17,fp,total,activation,0.043616,1.0,0.043616,1.0
prefill,17,fp,total,attention,0.025984,1.0,0.025984,1.0
prefill,17,fp,total,bf16_gemm,3.115808,1.0,3.115808,4.0
prefill,17,fp,total,kv_cache,0.009984,1.0,0.009984,1.0
prefill,17,fp,total,normalization,0.042112,1.0,0.042112,2.0
prefill,17,fp,total,rope,0.018208,1.0,0.018208,1.0
prefill,18,fp,attention,attention,0.025312,1.0,0.025312,1.0
prefill,18,fp,attention,bf16_gemm,0.569792,1.0,0.569792,2.0
prefill,18,fp,attention,kv_cache,0.010816,1.0,0.010816,1.0
prefill,18,fp,attention,rope,0.01808,1.0,0.01808,1.0
prefill,18,fp,input_norm,normalization,0.006647,1.0,0.006647,1.0
prefill,18,fp,mlp,activation,0.043936,1.0,0.043936,1.0
prefill,18,fp,mlp,bf16_gemm,2.536928,1.0,2.536928,2.0
prefill,18,fp,post_attn_norm,normalization,0.005994,1.0,0.005994,1.0
prefill,18,fp,total,activation,0.043936,1.0,0.043936,1.0
prefill,18,fp,total,attention,0.025312,1.0,0.025312,1.0
prefill,18,fp,total,bf16_gemm,3.10672,1.0,3.10672,4.0
prefill,18,fp,total,kv_cache,0.010816,1.0,0.010816,1.0
prefill,18,fp,total,normalization,0.042176,1.0,0.042176,2.0
prefill,18,fp,total,rope,0.01808,1.0,0.01808,1.0
prefill,19,fp,attention,attention,0.02528,1.0,0.02528,1.0
prefill,19,fp,attention,bf16_gemm,0.570848,1.0,0.570848,2.0
prefill,19,fp,attention,kv_cache,0.01024,1.0,0.01024,1.0
prefill,19,fp,attention,rope,0.01936,1.0,0.01936,1.0
prefill,19,fp,input_norm,normalization,0.007621,1.0,0.007621,1.0
prefill,19,fp,mlp,activation,0.043232,1.0,0.043232,1.0
prefill,19,fp,mlp,bf16_gemm,2.533792,1.0,2.533792,2.0
prefill,19,fp,post_attn_norm,normalization,0.005982,1.0,0.005982,1.0
prefill,19,fp,total,activation,0.043232,1.0,0.043232,1.0
prefill,19,fp,total,attention,0.02528,1.0,0.02528,1.0
prefill,19,fp,total,bf16_gemm,3.10464,1.0,3.10464,4.0
prefill,19,fp,total,kv_cache,0.01024,1.0,0.01024,1.0
prefill,19,fp,total,normalization,0.041888,1.0,0.041888,2.0
prefill,19,fp,total,rope,0.01936,1.0,0.01936,1.0
prefill,20,fp,attention,attention,0.025888,1.0,0.025888,1.0
prefill,20,fp,attention,bf16_gemm,0.570656,1.0,0.570656,2.0
prefill,20,fp,attention,kv_cache,0.01104,1.0,0.01104,1.0
prefill,20,fp,attention,rope,0.01824,1.0,0.01824,1.0
prefill,20,fp,input_norm,normalization,0.006666,1.0,0.006666,1.0
prefill,20,fp,mlp,activation,0.044736,1.0,0.044736,1.0
prefill,20,fp,mlp,bf16_gemm,2.540512,1.0,2.540512,2.0
prefill,20,fp,post_attn_norm,normalization,0.005999,1.0,0.005999,1.0
prefill,20,fp,total,activation,0.044736,1.0,0.044736,1.0
prefill,20,fp,total,attention,0.025888,1.0,0.025888,1.0
prefill,20,fp,total,bf16_gemm,3.111168,1.0,3.111168,4.0
prefill,20,fp,total,kv_cache,0.01104,1.0,0.01104,1.0
prefill,20,fp,total,normalization,0.041728,1.0,0.041728,2.0
prefill,20,fp,total,rope,0.01824,1.0,0.01824,1.0
prefill,21,fp,attention,attention,0.026016,1.0,0.026016,1.0
prefill,21,fp,attention,bf16_gemm,0.570336,1.0,0.570336,2.0
prefill,21,fp,attention,kv_cache,0.010624,1.0,0.010624,1.0
prefill,21,fp,attention,rope,0.018144,1.0,0.018144,1.0
prefill,21,fp,input_norm,normalization,0.006696,1.0,0.006696,1.0
prefill,21,fp,mlp,activation,0.043104,1.0,0.043104,1.0
prefill,21,fp,mlp,bf16_gemm,2.542144,1.0,2.542144,2.0
prefill,21,fp,post_attn_norm,normalization,0.006005,1.0,0.006005,1.0
prefill,21,fp,total,activation,0.043104,1.0,0.043104,1.0
prefill,21,fp,total,attention,0.026016,1.0,0.026016,1.0
prefill,21,fp,total,bf16_gemm,3.11248,1.0,3.11248,4.0
prefill,21,fp,total,kv_cache,0.010624,1.0,0.010624,1.0
prefill,21,fp,total,normalization,0.04176,1.0,0.04176,2.0
prefill,21,fp,total,rope,0.018144,1.0,0.018144,1.0
prefill,22,fp,attention,attention,0.025504,1.0,0.025504,1.0
prefill,22,fp,attention,bf16_gemm,0.572416,1.0,0.572416,2.0
prefill,22,fp,attention,kv_cache,0.01008,1.0,0.01008,1.0
prefill,22,fp,attention,rope,0.018944,1.0,0.018944,1.0
prefill,22,fp,input_norm,normalization,0.007284,1.0,0.007284,1.0
prefill,22,fp,mlp,activation,0.04336,1.0,0.04336,1.0
prefill,22,fp,mlp,bf16_gemm,2.538112,1.0,2.538112,2.0
prefill,22,fp,post_attn_norm,normalization,0.006026,1.0,0.006026,1.0
prefill,22,fp,total,activation,0.04336,1.0,0.04336,1.0
prefill,22,fp,total,attention,0.025504,1.0,0.025504,1.0
prefill,22,fp,total,bf16_gemm,3.110528,1.0,3.110528,4.0
prefill,22,fp,total,kv_cache,0.01008,1.0,0.01008,1.0
prefill,22,fp,total,normalization,0.04208,1.0,0.04208,2.0
prefill,22,fp,total,rope,0.018944,1.0,0.018944,1.0
prefill,23,fp,attention,attention,0.025184,1.0,0.025184,1.0
prefill,23,fp,attention,bf16_gemm,0.57104,1.0,0.57104,2.0
prefill,23,fp,attention,kv_cache,0.01088,1.0,0.01088,1.0
prefill,23,fp,attention,rope,0.018816,1.0,0.018816,1.0
prefill,23,fp,input_norm,normalization,0.006729,1.0,0.006729,1.0
prefill,23,fp,mlp,activation,0.043968,1.0,0.043968,1.0
prefill,23,fp,mlp,bf16_gemm,2.548992,1.0,2.548992,2.0
prefill,23,fp,post_attn_norm,normalization,0.006003,1.0,0.006003,1.0
prefill,23,fp,total,activation,0.043968,1.0,0.043968,1.0
prefill,23,fp,total,attention,0.025184,1.0,0.025184,1.0
prefill,23,fp,total,bf16_gemm,3.120032,1.0,3.120032,4.0
prefill,23,fp,total,kv_cache,0.01088,1.0,0.01088,1.0
prefill,23,fp,total,normalization,0.041824,1.0,0.041824,2.0
prefill,23,fp,total,rope,0.018816,1.0,0.018816,1.0
prefill,24,fp,attention,attention,0.025568,1.0,0.025568,1.0
prefill,24,fp,attention,bf16_gemm,0.570592,1.0,0.570592,2.0
prefill,24,fp,attention,kv_cache,0.01024,1.0,0.01024,1.0
prefill,24,fp,attention,rope,0.018688,1.0,0.018688,1.0
prefill,24,fp,input_norm,normalization,0.006752,1.0,0.006752,1.0
prefill,24,fp,mlp,activation,0.043296,1.0,0.043296,1.0
prefill,24,fp,mlp,bf16_gemm,2.546272,1.0,2.546272,2.0
prefill,24,fp,post_attn_norm,normalization,0.006036,1.0,0.006036,1.0
prefill,24,fp,total,activation,0.043296,1.0,0.043296,1.0
prefill,24,fp,total,attention,0.025568,1.0,0.025568,1.0
prefill,24,fp,total,bf16_gemm,3.116864,1.0,3.116864,4.0
prefill,24,fp,total,kv_cache,0.01024,1.0,0.01024,1.0
prefill,24,fp,total,normalization,0.042336,1.0,0.042336,2.0
prefill,24,fp,total,rope,0.018688,1.0,0.018688,1.0
prefill,25,fp,attention,attention,0.025696,1.0,0.025696,1.0
prefill,25,fp,attention,bf16_gemm,0.572128,1.0,0.572128,2.0
prefill,25,fp,attention,kv_cache,0.010144,1.0,0.010144,1.0
prefill,25,fp,attention,rope,0.018336,1.0,0.018336,1.0
prefill,25,fp,input_norm,normalization,0.006738,1.0,0.006738,1.0
prefill,25,fp,mlp,activation,0.043488,1.0,0.043488,1.0
prefill,25,fp,mlp,bf16_gemm,2.528288,1.0,2.528288,2.0
prefill,25,fp,post_attn_norm,normalization,0.00661,1.0,0.00661,1.0
prefill,25,fp,total,activation,0.043488,1.0,0.043488,1.0
prefill,25,fp,total,attention,0.025696,1.0,0.025696,1.0
prefill,25,fp,total,bf16_gemm,3.100416,1.0,3.100416,4.0
prefill,25,fp,total,kv_cache,0.010144,1.0,0.010144,1.0
prefill,25,fp,total,normalization,0.043104,1.0,0.043104,2.0
prefill,25,fp,total,rope,0.018336,1.0,0.018336,1.0
prefill,26,fp,attention,attention,0.025632,1.0,0.025632,1.0
prefill,26,fp,attention,bf16_gemm,0.569216,1.0,0.569216,2.0
prefill,26,fp,attention,kv_cache,0.010688,1.0,0.010688,1.0
prefill,26,fp,attention,rope,0.019296,1.0,0.019296,1.0
prefill,26,fp,input_norm,normalization,0.006834,1.0,0.006834,1.0
prefill,26,fp,mlp,activation,0.043424,1.0,0.043424,1.0
prefill,26,fp,mlp,bf16_gemm,2.535328,1.0,2.535328,2.0
prefill,26,fp,post_attn_norm,normalization,0.00608,1.0,0.00608,1.0
prefill,26,fp,total,activation,0.043424,1.0,0.043424,1.0
prefill,26,fp,total,attention,0.025632,1.0,0.025632,1.0
prefill,26,fp,total,bf16_gemm,3.104544,1.0,3.104544,4.0
prefill,26,fp,total,kv_cache,0.010688,1.0,0.010688,1.0
prefill,26,fp,total,normalization,0.042016,1.0,0.042016,2.0
prefill,26,fp,total,rope,0.019296,1.0,0.019296,1.0
prefill,27,fp,attention,attention,0.02592,1.0,0.02592,1.0
prefill,27,fp,attention,bf16_gemm,0.572192,1.0,0.572192,2.0
prefill,27,fp,attention,kv_cache,0.01008,1.0,0.01008,1.0
prefill,27,fp,attention,rope,0.018464,1.0,0.018464,1.0
prefill,27,fp,input_norm,normalization,0.006777,1.0,0.006777,1.0
prefill,27,fp,mlp,activation,0.043904,1.0,0.043904,1.0
prefill,27,fp,mlp,bf16_gemm,2.535168,1.0,2.535168,2.0
prefill,27,fp,post_attn_norm,normalization,0.006083,1.0,0.006083,1.0
prefill,27,fp,total,activation,0.043904,1.0,0.043904,1.0
prefill,27,fp,total,attention,0.02592,1.0,0.02592,1.0
prefill,27,fp,total,bf16_gemm,3.10736,1.0,3.10736,4.0
prefill,27,fp,total,kv_cache,0.01008,1.0,0.01008,1.0
prefill,27,fp,total,normalization,0.041824,1.0,0.041824,2.0
prefill,27,fp,total,rope,0.018464,1.0,0.018464,1.0
prefill,28,fp,attention,attention,0.025792,1.0,0.025792,1.0
prefill,28,fp,attention,bf16_gemm,0.56912,1.0,0.56912,2.0
prefill,28,fp,attention,kv_cache,0.010336,1.0,0.010336,1.0
prefill,28,fp,attention,rope,0.018208,1.0,0.018208,1.0
prefill,28,fp,input_norm,normalization,0.006851,1.0,0.006851,1.0
prefill,28,fp,mlp,activation,0.04336,1.0,0.04336,1.0
prefill,28,fp,mlp,bf16_gemm,2.547744,1.0,2.547744,2.0
prefill,28,fp,post_attn_norm,normalization,0.006986,1.0,0.006986,1.0
prefill,28,fp,total,activation,0.04336,1.0,0.04336,1.0
prefill,28,fp,total,attention,0.025792,1.0,0.025792,1.0
prefill,28,fp,total,bf16_gemm,3.116864,1.0,3.116864,4.0
prefill,28,fp,total,kv_cache,0.010336,1.0,0.010336,1.0
prefill,28,fp,total,normalization,0.04304,1.0,0.04304,2.0
prefill,28,fp,total,rope,0.018208,1.0,0.018208,1.0
prefill,29,fp,attention,attention,0.0256,1.0,0.0256,1.0
prefill,29,fp,attention,bf16_gemm,0.571936,1.0,0.571936,2.0
prefill,29,fp,attention,kv_cache,0.010176,1.0,0.010176,1.0
prefill,29,fp,attention,rope,0.01968,1.0,0.01968,1.0
prefill,29,fp,input_norm,normalization,0.006835,1.0,0.006835,1.0
prefill,29,fp,mlp,activation,0.043744,1.0,0.043744,1.0
prefill,29,fp,mlp,bf16_gemm,2.545312,1.0,2.545312,2.0
prefill,29,fp,post_attn_norm,normalization,0.006159,1.0,0.006159,1.0
prefill,29,fp,total,activation,0.043744,1.0,0.043744,1.0
prefill,29,fp,total,attention,0.0256,1.0,0.0256,1.0
prefill,29,fp,total,bf16_gemm,3.117248,1.0,3.117248,4.0
prefill,29,fp,total,kv_cache,0.010176,1.0,0.010176,1.0
prefill,29,fp,total,normalization,0.0416,1.0,0.0416,2.0
prefill,29,fp,total,rope,0.01968,1.0,0.01968,1.0
prefill,30,fp,attention,attention,0.025952,1.0,0.025952,1.0
prefill,30,fp,attention,bf16_gemm,0.571968,1.0,0.571968,2.0
prefill,30,fp,attention,kv_cache,0.01056,1.0,0.01056,1.0
prefill,30,fp,attention,rope,0.019808,1.0,0.019808,1.0
prefill,30,fp,input_norm,normalization,0.006882,1.0,0.006882,1.0
prefill,30,fp,mlp,activation,0.04368,1.0,0.04368,1.0
prefill,30,fp,mlp,bf16_gemm,2.542592,1.0,2.542592,2.0
prefill,30,fp,post_attn_norm,normalization,0.00611,1.0,0.00611,1.0
prefill,30,fp,total,activation,0.04368,1.0,0.04368,1.0
prefill,30,fp,total,attention,0.025952,1.0,0.025952,1.0
prefill,30,fp,total,bf16_gemm,3.11456,1.0,3.11456,4.0
prefill,30,fp,total,kv_cache,0.01056,1.0,0.01056,1.0
prefill,30,fp,total,normalization,0.041568,1.0,0.041568,2.0
prefill,30,fp,total,rope,0.019808,1.0,0.019808,1.0
prefill,31,fp,attention,attention,0.02576,1.0,0.02576,1.0
prefill,31,fp,attention,bf16_gemm,0.567104,1.0,0.567104,2.0
prefill,31,fp,attention,kv_cache,0.010304,1.0,0.010304,1.0
prefill,31,fp,attention,rope,0.019232,1.0,0.019232,1.0
prefill,31,fp,input_norm,normalization,0.006906,1.0,0.006906,1.0
prefill,31,fp,mlp,activation,0.043776,1.0,0.043776,1.0
prefill,31,fp,mlp,bf16_gemm,2.538592,1.0,2.538592,2.0
prefill,31,fp,post_attn_norm,normalization,0.006139,1.0,0.006139,1.0
prefill,31,fp,total,activation,0.043776,1.0,0.043776,1.0
prefill,31,fp,total,attention,0.02576,1.0,0.02576,1.0
prefill,31,fp,total,bf16_gemm,3.105696,1.0,3.105696,4.0
prefill,31,fp,total,kv_cache,0.010304,1.0,0.010304,1.0
prefill,31,fp,total,normalization,0.041568,1.0,0.041568,2.0
prefill,31,fp,total,rope,0.019232,1.0,0.019232,1.0
prefill,32,fp,attention,attention,0.025824,1.0,0.025824,1.0
prefill,32,fp,attention,bf16_gemm,0.566304,1.0,0.566304,2.0
prefill,32,fp,attention,kv_cache,0.010176,1.0,0.010176,1.0
prefill,32,fp,attention,rope,0.018336,1.0,0.018336,1.0
prefill,32,fp,input_norm,normalization,0.006834,1.0,0.006834,1.0
prefill,32,fp,mlp,activation,0.043328,1.0,0.043328,1.0
prefill,32,fp,mlp,bf16_gemm,2.542304,1.0,2.542304,2.0
prefill,32,fp,post_attn_norm,normalization,0.006156,1.0,0.006156,1.0
prefill,32,fp,total,activation,0.043328,1.0,0.043328,1.0
prefill,32,fp,total,attention,0.025824,1.0,0.025824,1.0
prefill,32,fp,total,bf16_gemm,3.108608,1.0,3.108608,4.0
prefill,32,fp,total,kv_cache,0.010176,1.0,0.010176,1.0
prefill,32,fp,total,normalization,0.0416,1.0,0.0416,2.0
prefill,32,fp,total,rope,0.018336,1.0,0.018336,1.0
