profile,source,request_index,token_index,arrival_ms,inter_token_ms,token_id
full_fp_cudagraph,baseline,0,1,115.299717,,578
full_fp_cudagraph,baseline,0,2,203.04367,87.74395299999999,4062
full_fp_cudagraph,baseline,0,3,290.941547,87.89787700000002,14198
full_fp_cudagraph,baseline,0,4,378.729693,87.78814599999998,39935
full_fp_cudagraph,baseline,0,5,466.525711,87.796018,35308
full_fp_cudagraph,baseline,0,6,554.527973,88.00226199999997,927
full_fp_cudagraph,baseline,0,7,642.383993,87.85602000000006,279
full_fp_cudagraph,baseline,0,8,731.360869,88.97687599999995,16053
full_fp_cudagraph,baseline,0,9,818.983251,87.62238200000002,5679
full_fp_cudagraph,baseline,0,10,906.766021,87.78277000000003,3221
full_fp_cudagraph,baseline,0,11,994.58588,87.81985899999995,279
full_fp_cudagraph,baseline,0,12,1082.381161,87.79528100000005,15140
full_fp_cudagraph,baseline,0,13,1170.29379,87.91262899999992,6964
full_fp_cudagraph,baseline,0,14,1257.958605,87.66481500000009,13
full_fp_cudagraph,baseline,0,15,1345.886242,87.927637,578
full_fp_cudagraph,baseline,0,16,1433.587762,87.70152000000007,4062
full_fp_cudagraph,baseline,0,17,1521.42186,87.83409799999981,14198
full_fp_cudagraph,baseline,0,18,1609.210678,87.78881799999999,39935
full_fp_cudagraph,baseline,0,19,1697.033064,87.82238600000005,35308
full_fp_cudagraph,baseline,0,20,1784.91718,87.88411599999995,927
full_fp_cudagraph,baseline,0,21,1872.716206,87.79902600000014,279
full_fp_cudagraph,baseline,0,22,1960.547008,87.83080199999995,16053
full_fp_cudagraph,baseline,0,23,2048.41746,87.87045200000011,5679
full_fp_cudagraph,baseline,0,24,2136.278247,87.86078700000007,3221
full_fp_cudagraph,baseline,0,25,2224.083449,87.80520200000001,279
full_fp_cudagraph,baseline,0,26,2311.911404,87.82795499999975,15140
full_fp_cudagraph,baseline,0,27,2399.745758,87.83435400000008,6964
full_fp_cudagraph,baseline,0,28,2487.555792,87.81003400000009,13
full_fp_cudagraph,baseline,0,29,2575.422628,87.8668359999997,578
full_fp_cudagraph,baseline,0,30,2663.197589,87.77496100000008,4062
full_fp_cudagraph,baseline,0,31,2751.164234,87.96664499999997,14198
full_fp_cudagraph,baseline,0,32,2838.925243,87.76100900000029,39935
full_fp_cudagraph,baseline,1,1,115.227363,,578
full_fp_cudagraph,baseline,1,2,202.98082,87.753457,4062
full_fp_cudagraph,baseline,1,3,290.743557,87.76273700000002,14198
full_fp_cudagraph,baseline,1,4,378.559543,87.81598600000001,39935
full_fp_cudagraph,baseline,1,5,466.381129,87.82158599999997,35308
full_fp_cudagraph,baseline,1,6,554.207995,87.826866,927
full_fp_cudagraph,baseline,1,7,641.993037,87.78504199999998,279
full_fp_cudagraph,baseline,1,8,729.835519,87.84248200000002,16053
full_fp_cudagraph,baseline,1,9,817.612624,87.777105,5679
full_fp_cudagraph,baseline,1,10,905.441218,87.82859400000007,3221
full_fp_cudagraph,baseline,1,11,993.242484,87.80126599999994,279
full_fp_cudagraph,baseline,1,12,1081.06775,87.82526599999994,15140
full_fp_cudagraph,baseline,1,13,1169.010107,87.94235700000013,6964
full_fp_cudagraph,baseline,1,14,1256.755467,87.74535999999989,13
full_fp_cudagraph,baseline,1,15,1344.550301,87.79483400000004,578
full_fp_cudagraph,baseline,1,16,1432.364623,87.81432199999995,4062
full_fp_cudagraph,baseline,1,17,1520.309219,87.94459600000005,14198
full_fp_cudagraph,baseline,1,18,1607.968018,87.65879900000004,39935
full_fp_cudagraph,baseline,1,19,1695.733762,87.76574400000004,35308
full_fp_cudagraph,baseline,1,20,1783.624854,87.89109199999984,927
full_fp_cudagraph,baseline,1,21,1871.404967,87.78011300000003,279
full_fp_cudagraph,baseline,1,22,1959.2014,87.79643299999998,16053
full_fp_cudagraph,baseline,1,23,2046.988265,87.78686500000003,5679
full_fp_cudagraph,baseline,1,24,2134.779803,87.79153799999995,3221
full_fp_cudagraph,baseline,1,25,2222.611821,87.83201800000006,279
full_fp_cudagraph,baseline,1,26,2310.379229,87.76740800000016,15140
full_fp_cudagraph,baseline,1,27,2398.226928,87.84769899999992,6964
full_fp_cudagraph,baseline,1,28,2486.039522,87.81259399999999,13
full_fp_cudagraph,baseline,1,29,2573.878388,87.83886600000005,578
full_fp_cudagraph,baseline,1,30,2661.672005,87.79361699999981,4062
full_fp_cudagraph,baseline,1,31,2749.506039,87.83403399999997,14198
full_fp_cudagraph,baseline,1,32,2837.427243,87.92120400000022,39935
full_fp_cudagraph,baseline,2,1,115.373318,,578
full_fp_cudagraph,baseline,2,2,203.13391,87.76059199999999,4062
full_fp_cudagraph,baseline,2,3,290.97236,87.83845,14198
full_fp_cudagraph,baseline,2,4,378.759225,87.78686500000003,39935
full_fp_cudagraph,baseline,2,5,466.51921,87.75998499999997,35308
full_fp_cudagraph,baseline,2,6,554.321787,87.80257699999999,927
full_fp_cudagraph,baseline,2,7,642.149901,87.82811400000003,279
full_fp_cudagraph,baseline,2,8,729.953918,87.80401700000004,16053
full_fp_cudagraph,baseline,2,9,817.725583,87.77166499999998,5679
full_fp_cudagraph,baseline,2,10,905.594209,87.86862599999995,3221
full_fp_cudagraph,baseline,2,11,993.421459,87.82725000000005,279
full_fp_cudagraph,baseline,2,12,1081.193252,87.771793,15140
full_fp_cudagraph,baseline,2,13,1169.009653,87.81640100000004,6964
full_fp_cudagraph,baseline,2,14,1256.824871,87.81521799999996,13
full_fp_cudagraph,baseline,2,15,1344.63612,87.81124899999986,578
full_fp_cudagraph,baseline,2,16,1432.468906,87.83278600000017,4062
full_fp_cudagraph,baseline,2,17,1520.285851,87.81694500000003,14198
full_fp_cudagraph,baseline,2,18,1608.171054,87.88520299999982,39935
full_fp_cudagraph,baseline,2,19,1696.226693,88.05563900000016,35308
full_fp_cudagraph,baseline,2,20,1784.563715,88.33702199999993,927
full_fp_cudagraph,baseline,2,21,1872.149071,87.58535600000005,279
full_fp_cudagraph,baseline,2,22,1960.002689,87.85361799999987,16053
full_fp_cudagraph,baseline,2,23,2047.842547,87.83985800000005,5679
full_fp_cudagraph,baseline,2,24,2135.56829,87.7257430000002,3221
full_fp_cudagraph,baseline,2,25,2223.396468,87.82817799999975,279
full_fp_cudagraph,baseline,2,26,2311.228997,87.83252900000025,15140
full_fp_cudagraph,baseline,2,27,2399.09084,87.86184299999968,6964
full_fp_cudagraph,baseline,2,28,2486.909065,87.81822499999998,13
full_fp_cudagraph,baseline,2,29,2574.71289,87.80382499999996,578
full_fp_cudagraph,baseline,2,30,2662.535564,87.822674,4062
full_fp_cudagraph,baseline,2,31,2750.437983,87.90241900000001,14198
full_fp_cudagraph,baseline,2,32,2838.24712,87.80913700000019,39935
full_fp_cudagraph,baseline,3,1,115.274595,,578
full_fp_cudagraph,baseline,3,2,203.026131,87.75153599999999,4062
full_fp_cudagraph,baseline,3,3,290.790403,87.76427200000003,14198
full_fp_cudagraph,baseline,3,4,378.563411,87.77300799999995,39935
full_fp_cudagraph,baseline,3,5,466.383173,87.81976200000003,35308
full_fp_cudagraph,baseline,3,6,554.206486,87.82331300000004,927
full_fp_cudagraph,baseline,3,7,642.080904,87.87441799999999,279
full_fp_cudagraph,baseline,3,8,729.805656,87.72475199999997,16053
full_fp_cudagraph,baseline,3,9,817.58292,87.77726399999995,5679
full_fp_cudagraph,baseline,3,10,905.406105,87.82318500000008,3221
full_fp_cudagraph,baseline,3,11,993.217482,87.811377,279
full_fp_cudagraph,baseline,3,12,1081.033659,87.81617699999993,15140
full_fp_cudagraph,baseline,3,13,1168.895309,87.86165000000005,6964
full_fp_cudagraph,baseline,3,14,1256.70771,87.81240099999991,13
full_fp_cudagraph,baseline,3,15,1344.461902,87.7541920000001,578
full_fp_cudagraph,baseline,3,16,1432.288991,87.82708899999989,4062
full_fp_cudagraph,baseline,3,17,1520.157905,87.86891400000013,14198
full_fp_cudagraph,baseline,3,18,1607.940578,87.78267299999993,39935
full_fp_cudagraph,baseline,3,19,1695.775635,87.835057,35308
full_fp_cudagraph,baseline,3,20,1783.596644,87.821009,927
full_fp_cudagraph,baseline,3,21,1871.43119,87.83454600000005,279
full_fp_cudagraph,baseline,3,22,1959.334057,87.90286700000001,16053
full_fp_cudagraph,baseline,3,23,2047.064248,87.73019099999988,5679
full_fp_cudagraph,baseline,3,24,2134.838471,87.77422300000012,3221
full_fp_cudagraph,baseline,3,25,2222.64732,87.80884900000001,279
full_fp_cudagraph,baseline,3,26,2310.452937,87.80561699999998,15140
full_fp_cudagraph,baseline,3,27,2398.220409,87.767472,6964
full_fp_cudagraph,baseline,3,28,2486.069226,87.84881700000005,13
full_fp_cudagraph,baseline,3,29,2573.91526,87.84603400000015,578
full_fp_cudagraph,baseline,3,30,2661.724525,87.80926499999987,4062
full_fp_cudagraph,baseline,3,31,2749.557502,87.83297700000003,14198
full_fp_cudagraph,baseline,3,32,2837.461233,87.90373099999988,39935
full_fp_cudagraph,baseline,4,1,114.919034,,578
full_fp_cudagraph,baseline,4,2,202.568967,87.64993299999999,4062
full_fp_cudagraph,baseline,4,3,290.383768,87.81480099999999,14198
full_fp_cudagraph,baseline,4,4,378.182152,87.798384,39935
full_fp_cudagraph,baseline,4,5,466.091451,87.90929900000003,35308
full_fp_cudagraph,baseline,4,6,553.791145,87.69969400000002,927
full_fp_cudagraph,baseline,4,7,641.637723,87.84657800000002,279
full_fp_cudagraph,baseline,4,8,729.421227,87.783504,16053
full_fp_cudagraph,baseline,4,9,817.235868,87.81464099999994,5679
full_fp_cudagraph,baseline,4,10,905.157935,87.92206699999997,3221
full_fp_cudagraph,baseline,4,11,992.875965,87.71803,279
full_fp_cudagraph,baseline,4,12,1080.668077,87.79211200000009,15140
full_fp_cudagraph,baseline,4,13,1168.47011,87.80203299999994,6964
full_fp_cudagraph,baseline,4,14,1256.290414,87.82030400000008,13
full_fp_cudagraph,baseline,4,15,1344.114111,87.82369700000004,578
full_fp_cudagraph,baseline,4,16,1431.967921,87.85380999999984,4062
full_fp_cudagraph,baseline,4,17,1519.730784,87.76286300000015,14198
full_fp_cudagraph,baseline,4,18,1607.573137,87.842353,39935
full_fp_cudagraph,baseline,4,19,1695.401986,87.82884899999999,35308
full_fp_cudagraph,baseline,4,20,1783.229011,87.82702499999982,927
full_fp_cudagraph,baseline,4,21,1871.022051,87.79304000000002,279
full_fp_cudagraph,baseline,4,22,1958.8365,87.81444899999997,16053
full_fp_cudagraph,baseline,4,23,2046.686661,87.85016100000007,5679
full_fp_cudagraph,baseline,4,24,2136.53722,89.8505590000002,3221
full_fp_cudagraph,baseline,4,25,2224.474167,87.93694699999969,279
full_fp_cudagraph,baseline,4,26,2312.131972,87.65780500000028,15140
full_fp_cudagraph,baseline,4,27,2399.943092,87.81111999999985,6964
full_fp_cudagraph,baseline,4,28,2487.850919,87.907827,13
full_fp_cudagraph,baseline,4,29,2575.632374,87.78145499999982,578
full_fp_cudagraph,baseline,4,30,2663.938354,88.30598000000009,4062
full_fp_cudagraph,baseline,4,31,2752.249934,88.31158000000005,14198
full_fp_cudagraph,baseline,4,32,2841.162999,88.91306500000019,39935
full_fp_cudagraph,profiled,0,1,116.084437,,578
full_fp_cudagraph,profiled,0,2,203.782754,87.69831700000002,4062
full_fp_cudagraph,profiled,0,3,291.579538,87.796784,14198
full_fp_cudagraph,profiled,0,4,379.433027,87.85348899999997,39935
full_fp_cudagraph,profiled,0,5,467.260938,87.82791100000003,35308
full_fp_cudagraph,profiled,0,6,555.04494,87.78400199999999,927
full_fp_cudagraph,profiled,0,7,642.92299,87.87805000000003,279
full_fp_cudagraph,profiled,0,8,730.784591,87.86160099999995,16053
full_fp_cudagraph,profiled,0,9,818.541234,87.75664300000005,5679
full_fp_cudagraph,profiled,0,10,906.38082,87.83958599999994,3221
full_fp_cudagraph,profiled,0,11,994.205109,87.82428900000002,279
full_fp_cudagraph,profiled,0,12,1082.042199,87.83708999999999,15140
full_fp_cudagraph,profiled,0,13,1169.846393,87.80419400000005,6964
full_fp_cudagraph,profiled,0,14,1257.672769,87.82637599999998,13
full_fp_cudagraph,profiled,0,15,1345.494278,87.82150899999988,578
full_fp_cudagraph,profiled,0,16,1433.438293,87.94401500000004,4062
full_fp_cudagraph,profiled,0,17,1521.143374,87.70508100000006,14198
full_fp_cudagraph,profiled,0,18,1608.963602,87.82022800000004,39935
full_fp_cudagraph,profiled,0,19,1696.797717,87.83411499999988,35308
full_fp_cudagraph,profiled,0,20,1784.576385,87.77866800000015,927
full_fp_cudagraph,profiled,0,21,1872.393862,87.81747699999983,279
full_fp_cudagraph,profiled,0,22,1960.221001,87.82713899999999,16053
full_fp_cudagraph,profiled,0,23,2048.107522,87.8865209999999,5679
full_fp_cudagraph,profiled,0,24,2135.900588,87.79306600000018,3221
full_fp_cudagraph,profiled,0,25,2224.34596,88.44537200000013,279
full_fp_cudagraph,profiled,0,26,2312.227871,87.88191099999995,15140
full_fp_cudagraph,profiled,0,27,2399.957583,87.72971199999984,6964
full_fp_cudagraph,profiled,0,28,2487.6362,87.67861700000003,13
full_fp_cudagraph,profiled,0,29,2575.455465,87.81926500000009,578
full_fp_cudagraph,profiled,0,30,2663.416882,87.96141699999998,4062
full_fp_cudagraph,profiled,0,31,2751.115848,87.69896599999993,14198
full_fp_cudagraph,profiled,0,32,2839.026425,87.9105770000001,39935
static_ptq_tail_cudagraph,baseline,0,1,115.403578,,578
static_ptq_tail_cudagraph,baseline,0,2,153.077579,37.67400099999999,4062
static_ptq_tail_cudagraph,baseline,0,3,191.063312,37.98573300000001,14198
static_ptq_tail_cudagraph,baseline,0,4,229.044374,37.98106200000001,39935
static_ptq_tail_cudagraph,baseline,0,5,267.068219,38.023844999999994,35308
static_ptq_tail_cudagraph,baseline,0,6,305.103647,38.035428000000024,927
static_ptq_tail_cudagraph,baseline,0,7,343.11018,38.00653299999999,279
static_ptq_tail_cudagraph,baseline,0,8,381.112521,38.002341,16053
static_ptq_tail_cudagraph,baseline,0,9,419.122445,38.00992400000001,5679
static_ptq_tail_cudagraph,baseline,0,10,457.124307,38.00186199999996,3221
static_ptq_tail_cudagraph,baseline,0,11,495.161174,38.03686700000003,279
static_ptq_tail_cudagraph,baseline,0,12,533.239609,38.078434999999956,15140
static_ptq_tail_cudagraph,baseline,0,13,571.209311,37.969701999999984,6964
static_ptq_tail_cudagraph,baseline,0,14,609.272034,38.062723000000005,13
static_ptq_tail_cudagraph,baseline,0,15,647.251976,37.97994200000005,578
static_ptq_tail_cudagraph,baseline,0,16,685.28782,38.035844,4062
static_ptq_tail_cudagraph,baseline,0,17,723.283217,37.995397000000025,14198
static_ptq_tail_cudagraph,baseline,0,18,761.305526,38.02230899999995,39935
static_ptq_tail_cudagraph,baseline,0,19,799.380952,38.07542599999999,35308
static_ptq_tail_cudagraph,baseline,0,20,837.406236,38.025284000000056,927
static_ptq_tail_cudagraph,baseline,0,21,875.429217,38.02298099999996,279
static_ptq_tail_cudagraph,baseline,0,22,913.450149,38.020932000000016,16053
static_ptq_tail_cudagraph,baseline,0,23,951.480905,38.030756,5679
static_ptq_tail_cudagraph,baseline,0,24,989.531821,38.05091600000003,3221
static_ptq_tail_cudagraph,baseline,0,25,1027.583184,38.05136300000004,279
static_ptq_tail_cudagraph,baseline,0,26,1065.654131,38.07094699999993,15140
static_ptq_tail_cudagraph,baseline,0,27,1103.670426,38.0162949999999,6964
static_ptq_tail_cudagraph,baseline,0,28,1141.732287,38.061861000000135,13
static_ptq_tail_cudagraph,baseline,0,29,1179.727462,37.99517500000002,578
static_ptq_tail_cudagraph,baseline,0,30,1217.755436,38.02797399999986,4062
static_ptq_tail_cudagraph,baseline,0,31,1255.802994,38.04755799999998,14198
static_ptq_tail_cudagraph,baseline,0,32,1293.890966,38.087972000000036,39935
static_ptq_tail_cudagraph,baseline,1,1,114.846871,,578
static_ptq_tail_cudagraph,baseline,1,2,152.733123,37.88625200000001,4062
static_ptq_tail_cudagraph,baseline,1,3,190.741449,38.00832599999998,14198
static_ptq_tail_cudagraph,baseline,1,4,228.820974,38.07952500000002,39935
static_ptq_tail_cudagraph,baseline,1,5,266.821045,38.00007100000002,35308
static_ptq_tail_cudagraph,baseline,1,6,304.885498,38.06445299999996,927
static_ptq_tail_cudagraph,baseline,1,7,342.904576,38.019078000000036,279
static_ptq_tail_cudagraph,baseline,1,8,380.924167,38.01959099999999,16053
static_ptq_tail_cudagraph,baseline,1,9,418.91627,37.992102999999986,5679
static_ptq_tail_cudagraph,baseline,1,10,456.921397,38.005127000000016,3221
static_ptq_tail_cudagraph,baseline,1,11,494.931772,38.01037500000001,279
static_ptq_tail_cudagraph,baseline,1,12,532.946947,38.015175,15140
static_ptq_tail_cudagraph,baseline,1,13,570.947082,38.000135,6964
static_ptq_tail_cudagraph,baseline,1,14,608.971889,38.02480700000001,13
static_ptq_tail_cudagraph,baseline,1,15,647.006454,38.03456499999993,578
static_ptq_tail_cudagraph,baseline,1,16,685.044444,38.037990000000036,4062
static_ptq_tail_cudagraph,baseline,1,17,723.131488,38.08704399999999,14198
static_ptq_tail_cudagraph,baseline,1,18,761.099337,37.967849,39935
static_ptq_tail_cudagraph,baseline,1,19,799.155952,38.056614999999965,35308
static_ptq_tail_cudagraph,baseline,1,20,837.153497,37.99754500000006,927
static_ptq_tail_cudagraph,baseline,1,21,875.157922,38.00442499999997,279
static_ptq_tail_cudagraph,baseline,1,22,913.285351,38.12742900000001,16053
static_ptq_tail_cudagraph,baseline,1,23,951.287824,38.00247300000001,5679
static_ptq_tail_cudagraph,baseline,1,24,989.443092,38.15526799999998,3221
static_ptq_tail_cudagraph,baseline,1,25,1027.730483,38.28739100000007,279
static_ptq_tail_cudagraph,baseline,1,26,1065.872695,38.14221199999997,15140
static_ptq_tail_cudagraph,baseline,1,27,1104.128343,38.255648000000065,6964
static_ptq_tail_cudagraph,baseline,1,28,1142.366071,38.237727999999834,13
static_ptq_tail_cudagraph,baseline,1,29,1180.462365,38.09629400000017,578
static_ptq_tail_cudagraph,baseline,1,30,1218.458279,37.99591399999986,4062
static_ptq_tail_cudagraph,baseline,1,31,1256.506926,38.048647000000074,14198
static_ptq_tail_cudagraph,baseline,1,32,1294.548214,38.041287999999895,39935
static_ptq_tail_cudagraph,baseline,2,1,115.072533,,578
static_ptq_tail_cudagraph,baseline,2,2,152.923332,37.85079899999998,4062
static_ptq_tail_cudagraph,baseline,2,3,190.938572,38.015240000000006,14198
static_ptq_tail_cudagraph,baseline,2,4,228.962901,38.024328999999994,39935
static_ptq_tail_cudagraph,baseline,2,5,266.970366,38.007465000000025,35308
static_ptq_tail_cudagraph,baseline,2,6,304.973767,38.003401,927
static_ptq_tail_cudagraph,baseline,2,7,343.134314,38.16054700000001,279
static_ptq_tail_cudagraph,baseline,2,8,381.018743,37.884428999999955,16053
static_ptq_tail_cudagraph,baseline,2,9,419.039616,38.02087300000005,5679
static_ptq_tail_cudagraph,baseline,2,10,457.046953,38.00733699999995,3221
static_ptq_tail_cudagraph,baseline,2,11,495.165359,38.11840600000005,279
static_ptq_tail_cudagraph,baseline,2,12,533.357844,38.19248499999998,15140
static_ptq_tail_cudagraph,baseline,2,13,571.301153,37.943309,6964
static_ptq_tail_cudagraph,baseline,2,14,609.266605,37.96545200000003,13
static_ptq_tail_cudagraph,baseline,2,15,647.282392,38.01578699999993,578
static_ptq_tail_cudagraph,baseline,2,16,685.307906,38.025514000000044,4062
static_ptq_tail_cudagraph,baseline,2,17,723.351276,38.04336999999998,14198
static_ptq_tail_cudagraph,baseline,2,18,761.39071,38.03943400000003,39935
static_ptq_tail_cudagraph,baseline,2,19,799.409601,38.01889099999994,35308
static_ptq_tail_cudagraph,baseline,2,20,837.404876,37.99527499999999,927
static_ptq_tail_cudagraph,baseline,2,21,875.484116,38.07924000000003,279
static_ptq_tail_cudagraph,baseline,2,22,913.489695,38.00557900000001,16053
static_ptq_tail_cudagraph,baseline,2,23,951.507434,38.017739000000006,5679
static_ptq_tail_cudagraph,baseline,2,24,989.562899,38.05546500000003,3221
static_ptq_tail_cudagraph,baseline,2,25,1027.627164,38.06426499999998,279
static_ptq_tail_cudagraph,baseline,2,26,1065.627399,38.000234999999975,15140
static_ptq_tail_cudagraph,baseline,2,27,1103.667697,38.04029800000012,6964
static_ptq_tail_cudagraph,baseline,2,28,1141.673372,38.00567499999988,13
static_ptq_tail_cudagraph,baseline,2,29,1179.721638,38.04826600000001,578
static_ptq_tail_cudagraph,baseline,2,30,1217.791279,38.06964100000005,4062
static_ptq_tail_cudagraph,baseline,2,31,1255.802585,38.01130599999988,14198
static_ptq_tail_cudagraph,baseline,2,32,1293.894145,38.09156000000007,39935
static_ptq_tail_cudagraph,baseline,3,1,115.173144,,578
static_ptq_tail_cudagraph,baseline,3,2,153.024904,37.85176,4062
static_ptq_tail_cudagraph,baseline,3,3,191.100146,38.075242,14198
static_ptq_tail_cudagraph,baseline,3,4,229.085312,37.98516599999999,39935
static_ptq_tail_cudagraph,baseline,3,5,267.070093,37.984781,35308
static_ptq_tail_cudagraph,baseline,3,6,305.106617,38.03652400000004,927
static_ptq_tail_cudagraph,baseline,3,7,343.104839,37.998222,279
static_ptq_tail_cudagraph,baseline,3,8,381.123891,38.01905199999999,16053
static_ptq_tail_cudagraph,baseline,3,9,419.161855,38.03796399999999,5679
static_ptq_tail_cudagraph,baseline,3,10,457.142061,37.98020600000001,3221
static_ptq_tail_cudagraph,baseline,3,11,495.15881,38.016749000000004,279
static_ptq_tail_cudagraph,baseline,3,12,533.161095,38.00228500000003,15140
static_ptq_tail_cudagraph,baseline,3,13,571.179156,38.01806099999999,6964
static_ptq_tail_cudagraph,baseline,3,14,609.214688,38.03553199999999,13
static_ptq_tail_cudagraph,baseline,3,15,647.231532,38.01684399999999,578
static_ptq_tail_cudagraph,baseline,3,16,685.314998,38.08346599999993,4062
static_ptq_tail_cudagraph,baseline,3,17,723.268325,37.95332700000006,14198
static_ptq_tail_cudagraph,baseline,3,18,761.28677,38.01844500000004,39935
static_ptq_tail_cudagraph,baseline,3,19,799.372412,38.08564200000001,35308
static_ptq_tail_cudagraph,baseline,3,20,837.349386,37.97697399999993,927
static_ptq_tail_cudagraph,baseline,3,21,875.38319,38.03380400000003,279
static_ptq_tail_cudagraph,baseline,3,22,913.412643,38.02945299999999,16053
static_ptq_tail_cudagraph,baseline,3,23,951.435375,38.02273200000002,5679
static_ptq_tail_cudagraph,baseline,3,24,989.468827,38.03345200000001,3221
static_ptq_tail_cudagraph,baseline,3,25,1027.488488,38.01966099999993,279
static_ptq_tail_cudagraph,baseline,3,26,1065.532467,38.043979000000036,15140
static_ptq_tail_cudagraph,baseline,3,27,1103.568191,38.03572400000007,6964
static_ptq_tail_cudagraph,baseline,3,28,1141.596619,38.02842799999985,13
static_ptq_tail_cudagraph,baseline,3,29,1179.640375,38.04375600000003,578
static_ptq_tail_cudagraph,baseline,3,30,1217.678821,38.03844600000002,4062
static_ptq_tail_cudagraph,baseline,3,31,1255.677205,37.99838399999999,14198
static_ptq_tail_cudagraph,baseline,3,32,1293.790208,38.113002999999935,39935
static_ptq_tail_cudagraph,baseline,4,1,115.070599,,578
static_ptq_tail_cudagraph,baseline,4,2,152.919356,37.84875699999999,4062
static_ptq_tail_cudagraph,baseline,4,3,190.906316,37.98696000000001,14198
static_ptq_tail_cudagraph,baseline,4,4,228.957721,38.05140499999999,39935
static_ptq_tail_cudagraph,baseline,4,5,266.9514,37.993678999999986,35308
static_ptq_tail_cudagraph,baseline,4,6,304.971639,38.020239000000004,927
static_ptq_tail_cudagraph,baseline,4,7,342.977638,38.00599900000003,279
static_ptq_tail_cudagraph,baseline,4,8,380.962358,37.98471999999998,16053
static_ptq_tail_cudagraph,baseline,4,9,418.997988,38.035630000000026,5679
static_ptq_tail_cudagraph,baseline,4,10,457.018738,38.020749999999964,3221
static_ptq_tail_cudagraph,baseline,4,11,495.032513,38.01377500000001,279
static_ptq_tail_cudagraph,baseline,4,12,533.073903,38.04138999999998,15140
static_ptq_tail_cudagraph,baseline,4,13,571.070718,37.99681500000008,6964
static_ptq_tail_cudagraph,baseline,4,14,609.131083,38.06036499999993,13
static_ptq_tail_cudagraph,baseline,4,15,647.158042,38.02695900000003,578
static_ptq_tail_cudagraph,baseline,4,16,685.169416,38.01137399999993,4062
static_ptq_tail_cudagraph,baseline,4,17,723.225014,38.05559800000003,14198
static_ptq_tail_cudagraph,baseline,4,18,761.222373,37.99735899999996,39935
static_ptq_tail_cudagraph,baseline,4,19,799.248147,38.02577400000007,35308
static_ptq_tail_cudagraph,baseline,4,20,837.288545,38.04039799999998,927
static_ptq_tail_cudagraph,baseline,4,21,875.303184,38.01463899999999,279
static_ptq_tail_cudagraph,baseline,4,22,913.360991,38.057807000000025,16053
static_ptq_tail_cudagraph,baseline,4,23,951.397743,38.03675199999998,5679
static_ptq_tail_cudagraph,baseline,4,24,989.603705,38.205962,3221
static_ptq_tail_cudagraph,baseline,4,25,1027.762244,38.15853900000002,279
static_ptq_tail_cudagraph,baseline,4,26,1065.724215,37.96197099999995,15140
static_ptq_tail_cudagraph,baseline,4,27,1103.68145,37.95723500000008,6964
static_ptq_tail_cudagraph,baseline,4,28,1141.693179,38.01172900000006,13
static_ptq_tail_cudagraph,baseline,4,29,1179.719179,38.02599999999984,578
static_ptq_tail_cudagraph,baseline,4,30,1217.805849,38.08667000000014,4062
static_ptq_tail_cudagraph,baseline,4,31,1255.763372,37.95752299999981,14198
static_ptq_tail_cudagraph,baseline,4,32,1293.834267,38.070895000000064,39935
static_ptq_tail_cudagraph,profiled,0,1,115.521501,,578
static_ptq_tail_cudagraph,profiled,0,2,153.356148,37.83464699999999,4062
static_ptq_tail_cudagraph,profiled,0,3,191.38954,38.03339200000002,14198
static_ptq_tail_cudagraph,profiled,0,4,229.44066,38.05112,39935
static_ptq_tail_cudagraph,profiled,0,5,267.507427,38.066767,35308
static_ptq_tail_cudagraph,profiled,0,6,305.564242,38.05681499999997,927
static_ptq_tail_cudagraph,profiled,0,7,343.725341,38.161099000000036,279
static_ptq_tail_cudagraph,profiled,0,8,381.645969,37.920627999999965,16053
static_ptq_tail_cudagraph,profiled,0,9,419.659234,38.01326500000005,5679
static_ptq_tail_cudagraph,profiled,0,10,457.695538,38.03630399999997,3221
static_ptq_tail_cudagraph,profiled,0,11,495.703971,38.008433000000025,279
static_ptq_tail_cudagraph,profiled,0,12,533.746515,38.04254400000002,15140
static_ptq_tail_cudagraph,profiled,0,13,571.786275,38.03976,6964
static_ptq_tail_cudagraph,profiled,0,14,609.845715,38.059439999999995,13
static_ptq_tail_cudagraph,profiled,0,15,647.850982,38.005267,578
static_ptq_tail_cudagraph,profiled,0,16,686.146863,38.29588100000001,4062
static_ptq_tail_cudagraph,profiled,0,17,724.040998,37.89413499999989,14198
static_ptq_tail_cudagraph,profiled,0,18,762.043129,38.00213100000008,39935
static_ptq_tail_cudagraph,profiled,0,19,800.080683,38.037554,35308
static_ptq_tail_cudagraph,profiled,0,20,838.113981,38.033297999999945,927
static_ptq_tail_cudagraph,profiled,0,21,876.130672,38.01669100000004,279
static_ptq_tail_cudagraph,profiled,0,22,914.201344,38.070671999999945,16053
static_ptq_tail_cudagraph,profiled,0,23,952.2053,38.00395600000002,5679
static_ptq_tail_cudagraph,profiled,0,24,990.28506,38.07976000000008,3221
static_ptq_tail_cudagraph,profiled,0,25,1028.295703,38.01064299999996,279
static_ptq_tail_cudagraph,profiled,0,26,1066.428293,38.13258999999994,15140
static_ptq_tail_cudagraph,profiled,0,27,1104.390682,37.96238900000003,6964
static_ptq_tail_cudagraph,profiled,0,28,1142.41646,38.025777999999946,13
static_ptq_tail_cudagraph,profiled,0,29,1180.532603,38.11614300000019,578
static_ptq_tail_cudagraph,profiled,0,30,1218.554798,38.02219499999978,4062
static_ptq_tail_cudagraph,profiled,0,31,1256.605343,38.05054500000006,14198
static_ptq_tail_cudagraph,profiled,0,32,1294.736398,38.13105500000006,39935
